line,words,marked_words,word_ax,word_p50,mark_hit,mark_wrong,mark_missed,mark_extra,der_collapse_ok,der_words
0,34,31,20,31,100,12,0,0,23,34
1,15,10,8,10,27,2,0,0,13,15
2,45,45,33,45,155,14,1,0,33,45
3,14,13,11,13,40,2,0,0,12,14
4,11,11,6,11,30,5,0,0,6,11
5,28,25,17,24,89,9,0,0,20,28
6,7,6,3,6,22,3,0,0,4,7
7,72,70,45,69,211,30,1,2,45,72
8,28,28,14,28,93,15,0,1,14,28
9,33,32,17,27,83,22,1,0,18,33
10,17,17,13,17,50,3,1,0,13,17
11,8,5,3,5,16,2,0,0,6,8
12,4,4,3,4,10,1,0,0,3,4
13,19,16,8,16,51,8,0,0,11,19
14,127,127,88,124,386,48,1,0,88,127
15,8,8,3,8,26,6,0,0,3,8
16,1,1,0,1,3,1,0,0,0,1
17,13,13,9,13,36,3,0,1,9,13
18,75,71,50,70,225,25,1,0,54,75
19,119,119,87,118,373,31,2,0,87,119
20,119,119,79,115,368,51,0,0,79,119
21,28,28,13,27,88,20,0,0,13,28
22,99,99,61,98,337,47,1,0,61,99
23,46,46,25,46,142,24,1,0,25,46
24,4,4,3,4,16,1,0,0,3,4
25,4,3,2,3,10,1,0,0,3,4
26,8,8,4,8,27,5,0,0,4,8
27,30,30,19,30,82,12,0,0,19,30
28,23,23,15,22,67,7,2,1,15,23
29,24,24,15,24,72,11,0,0,15,24
30,1,1,0,1,4,2,0,0,0,1
31,67,67,50,65,187,23,0,0,50,67
32,15,15,9,15,43,5,0,2,9,15
33,8,8,6,8,23,2,0,0,6,8
34,4,4,2,4,17,3,0,0,2,4
35,57,57,44,57,175,15,0,0,44,57
36,99,96,66,96,305,28,4,0,69,99
37,8,5,3,5,15,2,0,0,6,8
38,30,30,18,29,97,16,0,0,18,30
39,35,31,20,31,104,12,0,1,23,35
40,66,63,45,63,209,21,0,0,48,66
41,10,10,9,10,32,1,0,0,9,10
42,23,23,15,21,59,9,4,0,15,23
43,91,91,58,91,285,35,4,1,58,91
44,16,14,6,12,40,6,2,1,7,16
45,8,8,8,8,23,0,0,0,8,8
46,9,9,2,8,26,10,2,0,2,9
47,57,57,31,53,174,40,2,0,31,57
48,45,42,31,42,120,11,0,1,34,45
49,86,83,46,82,278,36,5,0,49,86
50,5,5,3,4,13,4,0,0,3,5
51,5,5,3,5,15,3,0,0,3,5
52,9,9,4,9,24,7,0,0,4,9
53,22,22,14,22,69,7,1,0,14,22
54,14,14,6,14,50,7,1,0,6,14
55,113,110,87,108,330,28,1,0,90,113
56,34,31,18,31,110,15,0,0,21,34
57,18,17,12,17,51,5,0,0,13,18
58,126,126,74,122,355,64,3,0,74,126
59,47,42,27,41,124,17,0,0,32,47
60,90,87,58,85,279,36,0,1,61,90
61,34,34,20,34,107,16,0,0,20,34
62,43,43,23,43,143,21,0,0,23,43
63,18,16,9,12,40,12,0,2,9,18
64,7,7,2,7,25,5,0,0,2,7
65,2,2,0,1,3,3,0,0,0,2
66,10,7,6,7,19,1,0,0,9,10
67,17,17,11,17,53,7,0,0,11,17
68,63,63,45,62,189,22,0,0,45,63
69,49,46,27,46,147,19,1,0,30,49
70,36,36,20,36,114,18,2,0,20,36
71,26,26,18,25,78,11,0,0,18,26
72,21,21,13,20,68,12,1,0,13,21
73,43,43,22,39,118,27,2,0,22,43
74,7,7,6,7,26,1,0,0,6,7
75,13,13,11,12,41,3,0,0,11,13
76,84,84,58,81,260,32,1,0,58,84
77,41,38,22,37,110,20,0,0,25,41
78,141,141,100,139,384,42,1,5,100,141
79,65,60,35,58,162,28,1,0,40,65
80,46,46,33,45,144,15,0,0,33,46
81,29,27,15,26,80,15,0,0,17,29
82,16,16,3,16,50,15,0,0,3,16
83,22,19,11,19,64,8,0,0,14,22
84,30,25,15,25,71,14,0,1,19,30
85,125,122,75,120,378,54,2,1,78,125
86,15,15,8,14,44,9,0,0,8,15
87,8,6,3,6,20,3,0,1,4,8
88,3,3,2,3,10,1,0,0,2,3
89,32,32,21,32,105,14,0,0,21,32
90,3,3,1,3,6,3,0,0,1,3
91,40,37,23,37,109,15,2,0,26,40
92,29,26,13,26,77,16,0,0,16,29
93,35,34,16,33,116,18,1,0,17,35
94,6,6,4,6,22,2,0,0,4,6
95,6,6,5,6,18,1,0,0,5,6
96,18,18,12,17,59,6,2,0,12,18
97,31,31,18,31,90,13,1,0,18,31
98,63,58,33,54,152,23,11,0,38,63
99,13,10,6,10,32,4,0,0,9,13
100,15,15,10,13,45,6,0,0,10,15
101,29,29,19,28,82,10,1,1,19,29
102,15,14,7,14,45,6,0,1,8,15
103,49,46,27,43,138,22,3,0,30,49
104,19,19,12,17,63,10,0,0,12,19
105,109,109,76,109,357,43,0,0,76,109
106,12,12,10,12,37,2,0,0,10,12
107,7,7,6,7,24,1,0,0,6,7
108,19,19,8,18,57,13,0,0,8,19
109,44,44,18,41,124,32,1,0,18,44
110,43,40,31,39,132,10,0,0,34,43
111,5,4,2,4,11,2,1,0,3,5
112,12,12,6,12,39,7,0,0,6,12
113,14,11,8,11,36,3,0,0,11,14
114,14,14,12,14,45,3,0,0,12,14
115,121,121,79,120,374,46,1,0,79,121
116,6,5,5,5,20,0,0,0,6,6
117,12,9,6,9,32,3,0,0,9,12
118,14,11,4,11,30,8,0,1,7,14
119,28,25,15,25,95,10,0,0,18,28
120,110,105,68,103,320,43,0,0,73,110
121,109,109,67,106,316,57,1,0,67,109
122,3,3,2,3,11,1,0,0,2,3
123,11,11,7,11,35,4,1,0,7,11
124,17,14,8,14,42,7,0,0,11,17
125,75,75,44,74,222,34,3,0,44,75
126,49,49,31,47,130,22,0,0,31,49
127,25,25,14,24,73,12,0,2,14,25
128,37,37,24,37,103,15,0,0,24,37
129,27,24,15,24,74,10,0,0,18,27
130,7,7,3,6,16,4,1,0,3,7
131,26,26,15,26,82,12,0,0,15,26
132,57,55,30,55,180,29,1,1,31,57
133,44,44,28,42,127,17,1,0,28,44
134,109,109,70,106,349,46,1,1,70,109
135,33,28,15,25,68,19,0,2,18,33
136,74,74,48,73,214,29,0,3,48,74
137,71,66,39,65,202,31,2,0,44,71
138,10,10,3,8,27,8,0,0,3,10
139,17,17,12,17,50,5,0,0,12,17
140,33,33,30,33,87,4,0,0,30,33
141,57,57,39,56,174,20,0,0,39,57
142,3,3,0,3,14,2,1,0,0,3
143,53,53,36,52,156,17,0,0,36,53
144,28,28,16,26,86,15,0,0,16,28
145,6,6,5,6,22,1,0,0,5,6
146,14,14,11,14,43,3,0,0,11,14
147,12,12,8,12,39,6,0,0,8,12
148,40,40,23,38,119,21,0,0,23,40
149,99,99,70,98,304,32,1,0,70,99
150,21,14,4,13,39,12,3,0,11,21
151,46,45,27,45,132,16,3,1,27,46
152,68,60,38,57,184,31,0,0,46,68
153,31,31,24,31,92,10,0,0,24,31
154,11,11,4,11,35,7,0,0,4,11
155,35,35,19,35,103,20,0,0,19,35
156,4,4,3,4,12,1,0,0,3,4
157,130,123,82,115,347,56,1,0,89,130
158,59,54,41,53,164,17,0,0,46,59
159,23,19,12,18,58,11,0,0,16,23
160,22,20,11,20,67,10,0,0,13,22
161,5,5,3,5,16,3,0,0,3,5
162,3,3,2,3,10,1,0,0,2,3
163,7,7,4,7,19,3,0,0,4,7
164,20,20,16,20,66,4,0,0,16,20
165,44,40,26,38,120,17,0,0,30,44
166,17,17,15,17,50,2,0,0,15,17
167,99,97,61,94,289,43,0,0,63,99
168,19,19,10,19,63,12,0,0,10,19
169,52,52,30,50,145,24,1,2,30,52
170,20,20,14,20,66,7,0,0,14,20
171,25,22,17,21,78,9,0,0,20,25
172,88,86,67,85,257,23,1,1,68,88
173,2,2,0,2,6,2,0,0,0,2
174,114,114,74,113,346,44,0,1,74,114
175,13,12,6,12,42,8,0,0,7,13
176,33,33,15,33,94,23,0,0,15,33
177,57,57,29,57,180,33,0,0,29,57
178,79,76,55,73,222,28,2,0,58,79
179,4,4,2,4,12,3,0,0,2,4
180,117,117,57,111,351,77,2,1,57,117
181,106,103,66,103,341,44,0,0,69,106
182,114,113,64,110,355,58,2,1,65,114
183,110,108,74,107,344,42,0,0,76,110
184,6,6,4,6,20,2,0,0,4,6
185,4,4,3,4,12,1,0,0,3,4
186,116,114,68,111,339,55,1,0,70,116
187,27,22,13,19,68,14,0,0,18,27
188,5,5,3,5,11,2,0,0,3,5
189,14,13,7,13,39,5,2,0,8,14
190,10,10,7,10,38,3,0,0,7,10
191,2,2,0,2,8,2,0,0,0,2
192,15,15,11,15,50,4,0,0,11,15
193,62,62,43,60,176,27,1,0,43,62
194,13,13,9,13,60,5,0,0,9,13
195,60,56,35,54,173,28,0,0,39,60
196,18,15,8,15,41,8,0,0,11,18
197,18,18,15,18,55,3,0,0,15,18
198,36,34,14,34,114,21,1,1,15,36
199,50,50,33,46,142,23,0,0,33,50
200,40,40,29,38,118,13,0,0,29,40
201,5,2,1,2,7,1,0,0,4,5
202,85,81,55,80,241,33,0,2,58,85
203,70,70,43,69,228,32,2,0,43,70
204,86,86,67,86,234,22,0,0,67,86
205,3,3,1,2,10,3,0,0,1,3
206,88,85,53,84,277,42,0,0,56,88
207,35,34,21,32,99,17,1,0,22,35
208,18,14,12,14,46,2,0,0,16,18
209,34,29,18,29,83,14,0,1,23,34
210,25,22,11,21,56,13,0,0,14,25
211,25,24,12,22,71,15,0,0,13,25
212,42,42,23,42,132,21,0,0,23,42
213,4,4,4,4,12,0,0,0,4,4
214,27,27,17,26,87,12,0,0,17,27
215,15,15,12,14,48,5,0,0,12,15
216,33,28,13,27,87,19,1,0,18,33
217,109,109,72,104,332,42,1,0,72,109
218,16,16,10,15,42,8,0,0,10,16
219,12,12,11,12,29,1,0,0,11,12
220,20,19,18,19,56,1,0,0,19,20
221,43,41,24,40,129,21,1,0,26,43
222,20,17,9,17,59,7,1,0,12,20
223,8,8,6,7,30,3,0,0,6,8
224,121,118,73,117,351,48,2,1,76,121
225,4,4,2,4,16,2,0,0,2,4
226,25,25,19,24,89,6,2,0,19,25
227,12,9,6,8,29,5,0,0,9,12
228,7,7,3,6,18,5,0,0,3,7
229,25,25,16,25,69,9,0,0,16,25
230,72,72,45,72,240,31,0,0,45,72
231,17,14,8,14,46,6,0,0,11,17
232,11,8,6,7,21,3,0,0,9,11
233,2,2,2,2,7,0,0,0,2,2
234,44,41,24,40,122,20,1,0,27,44
235,54,54,38,54,170,18,2,0,38,54
236,23,23,14,23,69,11,0,0,14,23
237,50,49,37,46,136,16,0,0,38,50
238,7,7,4,7,25,4,0,0,4,7
239,11,11,6,10,34,7,0,0,6,11
240,33,33,22,33,111,15,0,0,22,33
241,36,33,18,30,102,19,0,1,21,36
242,134,130,83,127,369,52,2,1,87,134
243,114,114,72,113,367,54,2,0,72,114
244,28,27,22,27,74,5,0,0,23,28
245,40,37,27,37,117,12,0,0,30,40
246,114,114,82,110,360,38,0,0,82,114
247,25,25,11,24,80,17,0,0,11,25
248,25,24,17,24,72,7,0,0,18,25
249,68,68,44,68,204,26,0,0,44,68
250,65,65,49,64,205,21,1,0,49,65
251,104,99,56,98,300,49,3,0,61,104
252,115,115,73,111,368,58,1,0,73,115
253,114,111,73,109,346,44,1,0,76,114
254,104,99,58,92,299,48,4,0,63,104
255,113,113,70,108,355,55,0,0,70,113
256,5,5,1,4,10,5,0,0,1,5
257,25,23,10,23,61,17,0,0,12,25
258,11,11,8,11,40,3,0,0,8,11
259,120,120,74,118,379,56,0,0,74,120
260,119,119,63,117,349,65,1,0,63,119
261,113,107,70,107,334,40,1,1,75,113
262,49,49,27,48,154,27,0,0,27,49
263,16,16,12,16,60,4,0,0,12,16
264,6,3,2,3,9,1,0,0,5,6
265,30,27,16,25,80,11,0,2,19,30
266,17,17,9,17,55,7,0,1,9,17
267,8,8,5,7,21,4,0,0,5,8
268,89,86,55,84,277,36,2,0,58,89
269,26,26,19,26,94,7,0,0,19,26
270,7,7,3,7,27,4,0,0,3,7
271,61,61,41,60,181,23,0,0,41,61
272,12,12,8,12,35,4,0,0,8,12
273,87,87,52,83,261,48,1,0,52,87
274,25,25,13,25,86,13,0,0,13,25
275,87,84,49,84,257,41,0,0,52,87
276,107,107,68,102,335,46,3,1,68,107
277,20,17,8,16,43,11,0,0,11,20
278,38,36,23,34,105,17,2,0,25,38
279,72,72,40,70,192,37,2,0,40,72
280,114,111,72,108,363,47,1,0,75,114
281,86,81,52,78,213,29,6,1,57,86
282,20,20,13,20,61,9,0,0,13,20
283,6,3,3,3,15,0,0,0,6,6
284,45,43,28,41,148,19,0,0,30,45
285,38,36,22,35,104,15,1,0,24,38
286,33,33,20,32,91,15,0,0,20,33
287,21,21,9,20,67,16,0,0,9,21
288,5,5,4,5,17,1,0,0,4,5
289,66,64,44,63,190,22,0,0,46,66
290,129,129,80,123,376,58,2,0,80,129
291,30,28,21,28,81,10,0,0,23,30
292,8,8,0,6,15,13,0,0,0,8
293,14,14,12,14,52,2,0,0,12,14
294,119,119,75,118,339,48,1,2,75,119
295,61,61,38,60,186,23,2,0,38,61
296,35,33,16,31,99,23,0,0,18,35
297,84,82,48,75,226,47,0,2,48,84
298,16,16,11,13,42,6,0,0,11,16
299,37,30,21,30,87,12,0,0,28,37
300,31,24,11,22,76,16,0,0,18,31
301,6,6,5,6,18,1,0,0,5,6
302,30,27,13,27,81,17,0,0,16,30
303,111,108,61,107,307,43,3,5,64,111
304,73,73,53,73,226,21,2,0,53,73
305,14,13,8,13,43,6,0,0,9,14
306,6,6,3,6,18,3,0,0,3,6
307,13,10,8,10,26,2,0,0,11,13
308,24,23,14,23,68,10,1,0,15,24
309,99,94,60,94,322,36,0,3,63,99
310,42,42,28,42,138,15,0,0,28,42
311,105,105,63,103,344,49,0,1,63,105
312,3,3,1,2,7,3,2,0,1,3
313,14,12,6,11,35,8,0,0,8,14
314,11,11,7,11,31,4,0,0,7,11
315,18,18,12,18,55,6,0,0,12,18
316,52,52,35,52,163,19,0,0,35,52
317,9,9,6,9,25,5,0,0,6,9
318,115,115,82,112,348,42,1,0,82,115
319,11,11,6,11,30,3,2,0,6,11
320,15,13,7,13,39,7,0,2,7,15
321,17,17,11,17,51,7,0,0,11,17
322,123,123,90,121,395,38,0,0,90,123
323,45,42,23,40,124,28,0,0,26,45
324,76,71,50,70,219,23,1,0,55,76
325,25,24,12,24,67,12,0,0,13,25
326,43,43,24,40,109,20,3,0,24,43
327,7,7,4,7,19,4,0,0,4,7
328,13,8,6,8,25,2,0,0,11,13
329,34,34,25,34,115,10,0,0,25,34
330,12,12,11,12,38,1,0,0,11,12
331,9,9,4,9,26,6,2,0,4,9
332,27,22,14,22,68,8,0,0,19,27
333,22,19,13,18,57,7,0,0,16,22
334,4,3,2,2,9,2,1,0,3,4
335,7,7,4,7,19,3,0,0,4,7
336,16,14,12,14,42,1,2,0,14,16
337,70,69,46,67,191,26,1,0,47,70
338,49,49,33,47,164,21,0,0,33,49
339,25,25,21,25,72,5,0,0,21,25
340,71,66,33,59,183,40,1,2,38,71
341,11,11,7,11,31,5,0,0,7,11
342,36,36,26,36,101,13,0,0,26,36
343,27,25,19,24,89,6,1,1,20,27
344,6,6,4,6,23,2,0,0,4,6
345,8,8,5,7,17,4,1,0,5,8
346,9,9,2,8,27,10,1,0,2,9
347,13,13,7,13,30,6,0,0,7,13
348,22,22,6,22,77,17,2,0,6,22
349,31,30,20,28,86,14,0,0,21,31
350,124,124,91,120,386,38,2,1,91,124
351,16,16,11,15,53,8,0,0,11,16
352,40,37,25,37,123,13,0,0,28,40
353,22,21,18,21,64,4,0,0,19,22
354,32,29,15,29,80,16,0,0,18,32
355,45,45,31,45,138,17,0,0,31,45
356,123,123,71,118,353,60,6,1,71,123
357,44,43,31,41,137,15,0,0,32,44
358,50,50,29,50,151,25,0,0,29,50
359,7,6,4,6,14,2,0,0,5,7
360,109,106,58,102,287,54,4,0,61,109
361,57,54,30,53,145,33,0,0,33,57
362,20,20,12,20,54,9,0,0,12,20
363,100,97,65,95,300,35,0,6,68,100
364,10,10,8,10,27,2,0,0,8,10
365,21,18,9,18,53,9,1,0,12,21
366,82,82,45,79,239,45,1,0,45,82
367,79,75,54,74,231,25,0,4,55,79
368,29,25,13,25,73,14,0,0,17,29
369,4,2,1,2,7,1,0,0,3,4
370,28,27,19,27,84,10,0,0,20,28
371,125,124,77,121,361,53,2,0,78,125
372,21,21,11,19,61,15,0,0,11,21
373,73,73,46,72,223,31,4,0,46,73
374,119,119,74,117,371,49,2,0,74,119
375,5,5,0,2,7,6,3,0,0,5
376,57,52,37,50,153,16,4,0,42,57
377,105,102,67,100,309,45,1,0,70,105
378,4,1,0,1,2,1,0,0,3,4
379,38,35,20,35,118,20,0,0,23,38
380,15,15,10,14,51,8,0,0,10,15
381,6,6,5,6,18,2,0,0,5,6
382,19,19,15,19,49,4,0,0,15,19
383,40,37,28,36,102,10,0,0,31,40
384,117,114,72,110,328,49,2,1,75,117
385,4,4,2,4,12,2,0,0,2,4
386,16,16,13,16,53,4,0,0,13,16
387,7,4,2,4,9,1,2,0,5,7
388,47,42,25,41,113,14,3,1,30,47
389,103,103,55,101,308,53,1,1,55,103
390,27,25,19,24,80,7,0,0,21,27
391,17,17,9,17,53,8,0,0,9,17
392,43,41,25,40,148,20,0,0,27,43
393,83,83,51,82,252,40,1,0,51,83
394,9,9,5,8,28,5,0,0,5,9
395,36,35,21,35,110,15,0,0,22,36
396,126,126,67,121,344,64,14,0,67,126
397,33,33,19,31,98,15,0,1,19,33
398,14,12,5,10,34,11,0,0,7,14
399,22,19,8,18,57,12,0,0,11,22
400,25,23,13,23,66,12,0,0,15,25
401,11,9,6,9,28,4,0,0,8,11
402,11,11,9,11,31,2,0,0,9,11
403,33,32,19,31,91,14,2,0,20,33
404,33,33,19,33,94,16,0,0,19,33
405,117,117,72,113,370,55,2,0,72,117
406,14,14,8,14,47,8,0,0,8,14
407,12,9,8,9,30,2,0,0,11,12
408,37,37,17,36,101,24,1,0,17,37
409,17,17,6,16,44,13,0,0,6,17
410,9,9,5,9,34,3,1,0,5,9
411,127,125,76,124,376,56,0,2,77,127
412,60,60,37,60,185,28,0,0,37,60
413,49,46,23,45,144,28,1,0,26,49
414,2,2,1,1,7,3,0,0,1,2
415,9,9,4,8,30,8,0,0,4,9
416,87,84,56,82,257,37,0,0,59,87
417,70,69,47,67,216,26,0,0,48,70
418,46,46,32,44,133,11,3,0,32,46
419,25,22,17,22,78,5,0,0,20,25
420,115,112,66,107,311,46,6,0,69,115
421,23,23,12,23,79,14,0,0,12,23
422,10,10,8,10,37,2,0,0,8,10
423,27,27,12,26,82,20,2,0,12,27
424,23,23,10,22,66,15,0,0,10,23
425,23,20,14,20,61,8,0,0,17,23
426,8,8,5,8,20,5,0,0,5,8
427,17,14,8,14,48,7,0,0,11,17
428,64,61,39,58,184,23,5,0,42,64
429,4,2,1,2,7,1,0,0,3,4
430,38,35,24,34,92,12,1,0,27,38
431,60,60,38,58,164,28,0,0,38,60
432,18,14,7,13,40,10,0,0,11,18
433,129,129,87,125,384,56,1,0,87,129
434,9,8,6,8,25,3,0,0,7,9
435,109,105,66,104,291,44,0,0,70,109
436,31,30,17,28,91,19,0,0,18,31
437,77,77,42,73,263,41,1,0,42,77
438,24,24,16,24,73,8,0,0,16,24
439,124,122,77,118,379,50,1,0,79,124
440,55,51,33,50,146,19,0,0,37,55
441,14,11,8,10,28,4,0,0,11,14
442,34,32,18,30,89,17,0,0,20,34
443,60,57,33,57,191,29,0,0,36,60
444,38,38,25,38,114,15,0,0,25,38
445,9,9,3,8,20,7,1,0,3,9
446,27,27,19,27,82,8,0,0,19,27
447,11,11,8,10,29,4,0,0,8,11
448,36,34,21,33,112,15,0,0,23,36
449,20,20,12,20,67,8,0,0,12,20
450,48,48,33,46,139,18,0,0,33,48
451,61,61,38,61,166,24,0,1,38,61
452,24,24,15,24,86,8,1,0,15,24
453,19,18,12,17,50,8,0,0,13,19
454,62,62,40,62,191,24,0,0,40,62
455,95,95,61,93,271,39,1,0,61,95
456,43,43,29,42,138,19,0,0,29,43
457,39,39,29,38,112,10,1,0,29,39
458,65,65,41,59,198,28,0,0,41,65
459,54,51,43,49,139,10,0,0,46,54
460,7,6,3,5,16,2,3,0,4,7
461,5,5,3,5,16,2,0,0,3,5
462,33,29,19,29,93,12,0,1,22,33
463,18,18,14,18,56,5,0,0,14,18
464,59,59,29,59,183,30,1,0,29,59
465,105,103,53,100,298,60,2,0,55,105
466,17,17,9,16,45,9,0,0,9,17
467,41,41,22,39,118,25,0,0,22,41
468,40,40,26,38,111,18,0,0,26,40
469,3,3,2,2,7,2,0,0,2,3
470,83,83,55,81,274,38,0,1,55,83
471,103,103,62,103,343,47,1,0,61,103
472,27,27,18,26,85,16,0,0,18,27
473,10,10,7,10,33,2,1,0,7,10
474,12,8,6,8,26,3,0,0,10,12
475,27,27,18,26,73,12,0,0,18,27
476,9,9,8,9,29,1,0,0,8,9
477,41,41,25,40,115,21,0,0,25,41
478,7,7,7,7,23,0,0,0,7,7
479,20,18,12,18,43,7,0,0,14,20
480,40,40,19,38,125,29,0,0,19,40
481,120,119,75,119,378,44,3,0,76,120
482,42,42,29,41,125,17,0,0,29,42
483,72,69,51,68,207,21,0,1,54,72
484,107,106,65,106,352,46,0,0,66,107
485,5,5,3,5,16,2,0,0,3,5
486,9,9,7,9,26,2,0,0,7,9
487,113,110,67,109,344,48,1,2,70,113
488,40,40,27,40,138,15,0,0,27,40
489,65,62,41,61,181,27,0,0,44,65
490,5,5,2,5,19,5,0,0,2,5
491,43,42,16,41,131,34,1,0,17,43
492,25,22,17,22,85,6,0,0,20,25
493,6,6,1,5,17,6,0,0,1,6
494,20,20,15,20,65,5,0,0,15,20
495,11,11,8,11,41,3,0,0,8,11
496,100,100,39,98,304,66,1,0,39,100
497,6,6,5,6,19,1,0,0,5,6
498,64,64,40,62,183,28,2,0,40,64
499,4,4,3,4,12,1,0,0,3,4
500,9,8,7,8,20,1,0,0,8,9
501,109,106,77,105,344,30,2,0,80,109
502,21,21,10,21,70,12,0,0,10,21
503,5,5,3,4,10,4,0,0,3,5
504,53,51,32,50,158,22,0,2,33,53
505,32,32,19,30,99,18,0,0,19,32
506,49,46,29,44,137,23,2,0,32,49
507,18,18,13,18,72,6,0,0,13,18
508,37,35,22,33,103,15,0,0,24,37
509,15,15,8,14,40,5,4,0,8,15
510,24,17,9,15,48,9,1,3,13,24
511,32,28,17,27,96,17,0,0,21,32
512,24,21,12,20,58,8,3,0,15,24
513,13,13,7,13,46,8,0,0,7,13
514,31,31,21,31,94,10,0,0,21,31
515,4,2,1,2,7,1,0,0,3,4
516,9,2,1,2,6,0,2,0,8,9
517,32,27,10,25,70,17,7,0,15,32
518,12,12,9,11,36,5,0,0,9,12
519,90,90,56,85,265,46,1,0,56,90
520,73,68,42,67,187,26,6,0,47,73
521,115,111,64,108,361,54,3,0,68,115
522,52,52,30,52,165,22,1,0,30,52
523,41,36,19,36,108,18,0,0,24,41
524,7,7,5,7,21,2,0,0,5,7
525,7,7,5,7,25,2,0,0,5,7
526,11,11,5,11,39,6,0,0,5,11
527,14,11,7,11,33,5,0,0,10,14
528,52,52,36,51,158,17,0,0,36,52
529,39,38,22,37,122,18,1,1,22,39
530,9,9,6,9,24,3,0,0,6,9
531,37,36,20,34,107,20,0,0,21,37
532,18,18,16,18,52,2,0,0,16,18
533,86,84,56,83,221,36,0,0,58,86
534,69,67,40,66,204,29,1,0,42,69
535,34,34,23,34,124,11,0,0,23,34
536,54,53,29,52,157,27,3,1,29,54
537,64,61,40,60,169,25,0,0,43,64
538,23,23,15,23,73,10,0,0,15,23
539,27,27,19,27,67,9,0,0,19,27
540,74,74,50,72,225,31,1,1,50,74
541,10,10,6,10,27,6,0,0,6,10
542,5,5,4,5,19,1,0,0,4,5
543,27,24,17,24,70,8,0,0,20,27
544,42,42,33,42,136,12,0,0,33,42
545,15,12,8,12,45,5,0,0,11,15
546,19,19,11,15,46,14,0,0,11,19
547,42,42,30,42,131,12,1,0,30,42
548,60,60,37,58,152,28,0,1,37,60
549,82,82,57,81,250,29,0,0,57,82
550,23,21,16,21,65,5,0,0,18,23
551,41,41,15,38,102,27,2,0,15,41
552,32,29,14,28,91,18,0,0,17,32
553,142,142,90,139,424,62,1,1,90,142
554,26,26,17,25,83,11,0,0,17,26
555,3,3,2,3,11,0,1,0,2,3
556,11,10,8,10,31,2,0,0,9,11
557,92,92,67,91,327,24,4,0,67,92
558,7,7,5,7,22,2,0,0,5,7
559,76,76,44,74,239,36,4,0,44,76
560,62,62,28,59,200,38,0,0,28,62
561,22,15,7,14,44,11,0,3,11,22
562,135,131,87,127,377,54,0,1,90,135
563,85,85,56,81,229,30,5,0,56,85
564,5,5,4,5,15,1,0,0,4,5
565,35,35,26,35,103,10,0,0,26,35
566,41,41,16,40,133,34,0,0,16,41
567,49,48,33,48,161,21,0,0,34,49
568,24,21,13,20,60,11,0,0,16,24
569,17,17,11,17,46,6,0,0,11,17
570,30,30,20,27,85,12,2,0,20,30
571,12,12,6,11,42,7,0,0,6,12
572,41,41,24,41,130,20,0,0,24,41
573,50,49,32,47,149,21,0,0,33,50
574,80,77,39,74,237,44,1,0,42,80
575,12,12,7,11,31,9,0,0,7,12
576,27,27,14,25,79,17,0,0,14,27
577,14,14,4,14,52,15,0,0,4,14
578,122,119,84,119,345,42,0,1,87,122
579,44,40,34,40,119,6,0,0,38,44
580,72,69,48,68,203,24,0,0,51,72
581,18,16,9,16,54,9,0,0,11,18
582,11,11,7,11,31,4,0,0,7,11
583,26,26,12,24,90,20,0,0,12,26
584,58,57,33,54,161,30,0,0,34,58
585,18,15,8,12,38,12,0,0,11,18
586,33,33,20,33,96,15,0,0,20,33
587,21,21,17,19,59,7,0,0,17,21
588,33,32,24,30,85,10,0,0,25,33
589,15,15,8,14,42,8,0,0,8,15
590,118,118,78,115,382,46,1,0,78,118
591,93,88,61,86,266,37,1,1,65,93
592,8,8,5,8,25,4,0,0,5,8
593,20,17,12,17,62,5,0,0,15,20
594,4,1,0,0,1,3,0,0,3,4
595,11,11,10,11,32,1,0,0,10,11
596,83,80,52,76,256,37,0,0,55,83
597,7,7,4,7,27,2,1,0,4,7
598,10,10,5,9,26,8,0,0,5,10
599,10,10,5,9,28,7,0,0,5,10
600,50,50,23,48,138,35,0,1,23,50
601,48,47,25,45,142,27,0,0,26,48
602,54,54,31,53,170,24,1,0,31,54
603,55,55,30,55,191,26,3,1,30,55
604,53,53,23,49,152,39,6,0,23,53
605,41,40,24,39,121,15,1,1,25,41
606,41,41,22,41,142,20,0,0,22,41
607,52,52,23,49,164,31,3,1,23,52
608,48,48,24,46,138,30,0,0,24,48
609,56,56,24,51,168,41,1,0,24,56
610,52,52,26,51,155,32,1,1,26,52
611,55,55,28,53,162,39,0,0,28,55
612,51,51,23,47,153,36,2,0,23,51
613,59,59,27,56,170,41,0,0,27,59
614,47,46,21,42,144,31,2,0,22,47
615,43,42,19,41,136,31,0,0,20,43
616,58,58,32,55,193,33,0,0,32,58
617,57,56,23,54,166,46,0,0,24,57
618,12,12,8,12,28,7,0,0,8,12
619,40,40,11,38,123,40,2,0,11,40
620,15,15,3,15,60,13,1,0,3,15
621,17,13,5,13,53,13,0,0,9,17
622,9,8,1,8,19,9,0,0,2,9
623,5,5,2,5,20,3,0,0,2,5
624,5,5,2,5,16,4,0,0,2,5
625,4,4,1,4,11,3,1,0,1,4
626,5,5,1,4,12,5,1,0,1,5
627,12,11,4,11,32,6,2,0,5,12
628,3,3,1,3,11,3,0,0,1,3
629,3,3,0,3,9,1,3,0,0,3
630,5,5,0,3,10,7,1,0,0,5
631,2,2,0,2,7,3,0,0,0,2
632,3,3,0,2,8,6,0,0,0,3
633,3,3,1,3,7,2,0,0,1,3
634,7,7,2,7,20,6,0,0,2,7
635,6,6,2,5,16,4,1,0,2,6
636,6,6,2,5,15,5,0,0,2,6
637,5,5,3,5,16,2,0,0,3,5
638,5,5,2,5,15,4,0,0,2,5
639,5,5,0,3,10,7,1,0,0,5
640,3,3,1,3,11,2,0,0,1,3
641,2,2,2,2,9,0,0,0,2,2
642,29,29,15,27,82,21,0,0,15,29
643,12,12,5,10,31,13,0,0,5,12
644,12,12,3,11,36,14,0,0,3,12
645,18,18,4,17,46,19,1,0,4,18
646,29,29,8,26,77,31,0,0,8,29
647,8,8,2,6,22,8,0,0,2,8
648,12,12,4,11,32,12,0,0,4,12
649,26,23,7,23,68,22,0,0,10,26
650,11,11,1,11,25,13,0,0,1,11
651,10,10,2,8,33,11,2,0,2,10
652,9,9,2,7,27,10,0,0,2,9
653,10,10,1,8,31,13,0,0,1,10
654,7,7,0,7,21,10,0,0,0,7
655,14,13,3,12,33,14,1,0,4,14
656,46,46,24,43,146,27,1,0,24,46
657,47,47,17,43,162,47,0,0,17,47
658,54,51,22,50,161,34,3,1,25,54
659,31,31,18,30,98,21,0,0,18,31
660,52,49,24,46,152,34,1,2,27,52
661,49,49,26,48,150,22,3,1,26,49
662,44,40,16,39,106,30,1,0,20,44
663,56,56,20,52,169,46,2,0,20,56
664,50,50,24,50,157,27,1,1,24,50
665,60,56,29,55,183,37,1,0,33,60
666,57,57,24,54,171,44,1,0,24,57
667,60,60,28,59,171,42,0,0,28,60
668,57,56,18,50,157,51,1,0,19,57
669,27,27,9,25,73,27,0,0,9,27
670,18,18,8,18,64,10,1,0,8,18
671,52,50,21,47,171,47,0,0,23,52
672,25,25,12,24,93,18,0,0,12,25
673,27,27,12,27,83,16,3,0,12,27
674,47,47,22,45,127,28,0,0,22,47
675,28,28,17,26,87,14,0,0,17,28
676,21,21,8,19,67,17,0,0,8,21
677,58,58,31,58,174,31,2,0,31,58
678,40,40,23,38,125,20,2,0,23,40
679,43,43,29,42,127,20,0,0,29,43
680,59,59,27,58,177,37,2,0,27,59
681,68,53,22,51,158,43,3,0,37,68
682,49,47,23,44,137,36,1,0,25,49
683,61,60,27,59,170,44,0,0,28,61
684,60,56,16,48,152,55,1,0,20,60
685,45,45,16,43,138,35,2,0,16,45
686,52,50,21,47,172,47,0,0,23,52
687,52,52,25,52,179,33,2,0,25,52
688,76,76,37,73,220,50,1,0,37,76
689,50,49,23,42,148,37,0,0,24,50
690,58,58,31,58,174,31,2,0,31,58
691,38,38,23,37,119,18,0,0,23,38
692,43,43,29,42,127,20,0,0,29,43
693,43,43,27,41,144,18,0,2,27,43
694,49,49,23,48,157,33,2,0,23,49
695,42,41,23,41,126,18,2,0,24,42
696,39,38,18,36,114,23,0,1,19,39
697,31,31,19,29,86,14,0,0,19,31
698,43,43,19,41,135,33,0,1,19,43
699,30,30,12,29,103,24,1,0,12,30
700,37,37,20,36,119,18,0,1,20,37
701,44,44,20,43,149,26,0,0,20,44
702,41,41,18,38,128,32,3,0,18,41
703,48,48,18,47,144,45,0,0,18,48
704,54,54,15,53,155,48,2,1,15,54
705,47,47,25,47,133,28,0,0,25,47
706,45,45,18,44,152,35,1,0,18,45
707,15,15,3,15,49,16,1,0,3,15
708,53,53,20,49,166,50,0,0,20,53
709,29,29,12,29,98,17,3,1,12,29
710,16,16,9,16,39,8,0,0,9,16
711,50,50,24,49,161,32,1,0,24,50
712,58,58,22,58,209,46,2,0,22,58
713,41,41,14,38,131,36,0,0,14,41
714,51,51,27,50,165,34,0,0,27,51
715,5,5,0,5,23,7,0,0,0,5
716,32,32,14,31,102,24,1,0,14,32
717,52,52,20,50,181,45,1,0,20,52
718,57,56,23,49,151,42,1,0,24,57
719,23,23,10,22,77,15,0,0,10,23
720,32,31,14,31,101,19,0,0,15,32
721,52,52,23,52,166,35,1,0,23,52
722,17,17,13,17,52,4,0,0,13,17
723,57,56,28,54,180,29,4,2,28,57
724,58,57,33,54,174,29,1,1,33,58
725,53,52,34,50,162,21,2,0,35,53
726,51,51,20,45,144,38,0,0,20,51
727,41,40,23,38,115,19,1,0,24,41
728,55,54,29,53,163,22,3,2,30,55
729,38,38,13,35,98,31,2,0,13,38
730,2,2,2,2,8,0,0,0,2,2
731,48,48,17,46,149,40,3,0,17,48
732,52,52,20,50,172,52,1,0,20,52
733,55,55,26,54,174,36,1,0,26,55
734,52,52,27,49,157,34,1,0,27,52
735,51,51,27,50,149,31,2,0,27,51
736,58,55,30,51,181,33,0,0,33,58
737,53,53,20,48,168,39,2,0,20,53
738,50,50,23,48,188,38,3,0,23,50
739,52,52,19,49,167,41,1,0,19,52
740,53,53,22,50,163,39,0,0,22,53
741,17,17,3,16,46,19,0,0,3,17
742,8,8,4,7,24,7,0,0,4,8
743,37,37,14,35,102,33,2,0,14,37
744,23,23,16,23,89,9,1,0,16,23
745,45,45,23,44,150,25,3,0,23,45
746,5,5,2,5,15,3,0,0,2,5
747,25,24,8,23,66,20,1,0,9,25
748,8,8,3,8,25,7,0,0,3,8
749,20,17,4,16,47,20,0,0,7,20
750,53,53,30,51,163,27,1,1,30,53
751,47,47,24,47,151,29,0,0,24,47
752,56,55,29,55,169,29,0,0,30,56
753,34,34,22,34,107,12,2,0,22,34
754,32,32,16,31,93,20,3,0,16,32
755,25,25,14,25,81,13,0,0,14,25
756,55,55,21,48,156,45,6,1,21,55
757,30,30,12,28,85,21,0,1,12,30
758,18,18,9,16,46,14,0,0,9,18
759,2,2,1,2,5,0,0,1,1,2
760,2,2,0,2,3,2,0,0,0,2
761,3,3,2,3,8,1,0,0,2,3
762,3,3,3,3,8,0,0,0,3,3
763,2,2,1,2,4,1,0,0,1,2
764,3,3,2,3,10,0,1,0,2,3
765,2,2,0,2,5,2,0,0,0,2
766,4,4,2,4,12,1,1,0,2,4
767,2,2,0,1,7,2,0,2,0,2
768,12,11,7,10,33,4,0,2,8,12
769,5,5,3,5,13,2,0,0,3,5
770,9,9,3,9,31,6,0,0,3,9
771,6,6,1,5,22,8,0,0,1,6
772,2,2,0,2,4,3,0,0,0,2
773,5,4,2,4,14,3,0,0,3,5
774,5,5,2,5,17,5,0,0,2,5
775,7,7,2,7,26,9,0,0,2,7
776,3,3,2,3,7,1,0,0,2,3
777,14,14,8,13,38,9,0,0,8,14
778,6,6,2,6,19,6,1,0,2,6
779,11,10,3,9,24,10,0,0,4,11
780,2,2,1,2,5,0,0,1,1,2
781,2,2,0,2,5,2,0,0,0,2
782,4,4,0,4,10,4,0,0,0,4
783,2,2,0,1,7,2,0,2,0,2
784,15,15,10,14,39,9,0,0,10,15
785,6,6,3,6,30,4,0,0,3,6
786,3,3,1,3,14,2,0,0,1,3
787,2,2,0,2,4,3,0,0,0,2
788,4,4,2,4,19,4,0,0,2,4
789,7,7,6,6,27,1,1,0,6,7
790,8,7,1,7,15,8,0,0,2,8
791,6,5,2,4,10,5,0,0,3,6
792,10,9,0,9,23,11,1,0,1,10
793,2,2,1,1,6,3,0,0,1,2
794,3,3,2,3,7,1,0,0,2,3
795,4,4,1,4,14,4,0,0,1,4
796,5,5,0,4,17,6,2,0,0,5
797,5,5,2,5,12,4,0,0,2,5
798,6,6,3,6,22,3,0,0,3,6
799,2,2,0,2,3,2,0,0,0,2
800,2,2,0,2,5,2,0,0,0,2
801,10,8,2,7,23,10,0,0,4,10
802,2,2,0,1,7,2,0,2,0,2
803,9,9,4,9,25,5,0,0,4,9
804,4,4,0,3,10,5,2,0,0,4
805,5,5,3,5,18,2,0,0,3,5
806,2,2,0,2,4,3,0,0,0,2
807,5,4,0,4,10,3,2,0,1,5
808,4,3,0,3,6,4,0,0,1,4
809,5,5,2,3,13,6,0,0,2,5
810,2,2,0,2,7,2,0,0,0,2
811,2,2,1,2,6,2,0,0,1,2
812,3,3,1,3,11,2,0,0,1,3
813,3,3,2,3,7,1,0,0,2,3
814,6,6,3,6,17,3,0,0,3,6
815,5,5,2,5,10,5,0,0,2,5
816,6,6,2,6,25,5,0,0,2,6
817,11,11,6,11,29,5,0,0,6,11
818,3,3,2,3,8,1,0,0,2,3
819,2,2,0,2,5,2,0,0,0,2
820,4,4,3,4,10,1,0,0,3,4
821,2,2,0,1,7,2,0,2,0,2
822,7,7,2,7,32,5,2,0,2,7
823,6,5,3,5,16,3,0,0,4,6
824,6,6,1,5,21,6,0,0,1,6
825,9,8,2,7,23,8,0,0,3,9
826,2,2,0,2,4,3,0,0,0,2
827,6,5,0,5,17,8,0,0,1,6
828,10,10,4,10,42,6,0,0,4,10
829,8,8,4,7,27,9,0,0,4,8
830,4,4,0,3,9,7,0,0,0,4
831,7,6,3,5,13,7,0,0,4,7
832,3,3,2,3,7,1,0,0,2,3
833,4,4,1,4,14,3,0,0,1,4
834,3,3,2,3,14,1,0,0,2,3
835,5,5,1,5,15,4,0,0,1,5
836,5,5,3,4,14,2,1,0,3,5
837,3,3,3,3,8,0,0,0,3,3
838,2,2,0,2,5,2,0,0,0,2
839,4,4,2,4,17,2,0,0,2,4
840,2,2,0,1,7,2,0,2,0,2
841,7,7,3,7,21,4,1,0,3,7
842,9,9,4,9,27,5,0,0,4,9
843,6,6,4,6,26,2,0,0,4,6
844,2,2,0,2,4,3,0,0,0,2
845,4,4,2,4,12,2,0,0,2,4
846,2,1,0,1,2,2,0,0,1,2
847,2,2,1,2,8,0,1,0,1,2
848,3,3,2,3,12,1,0,0,2,3
849,6,5,2,5,15,4,0,0,3,6
850,8,7,2,7,23,8,0,0,3,8
851,3,3,1,3,12,2,0,0,1,3
852,7,6,2,6,15,4,0,0,3,7
853,7,6,2,6,18,6,0,0,3,7
854,3,3,2,3,7,1,0,0,2,3
855,6,6,2,6,17,4,0,0,2,6
856,2,2,1,2,8,1,0,0,1,2
857,5,5,3,5,19,2,0,0,3,5
858,2,2,1,2,4,1,0,0,1,2
859,2,2,0,2,5,2,0,0,0,2
860,5,4,1,4,11,3,0,0,2,5
861,2,2,0,1,7,2,0,2,0,2
862,10,10,5,10,35,7,0,0,5,10
863,9,9,4,9,32,5,0,0,4,9
864,13,13,9,13,47,6,0,0,9,13
865,15,15,3,14,37,13,2,0,3,15
866,2,2,0,2,4,3,0,0,0,2
867,15,14,9,14,45,7,0,0,10,15
868,3,3,2,3,13,3,0,0,2,3
869,3,3,1,3,11,2,1,0,1,3
870,7,7,3,7,29,5,0,0,3,7
871,6,6,2,6,24,6,0,0,2,6
872,6,6,2,5,18,6,0,0,2,6
873,3,3,2,3,7,1,0,0,2,3
874,5,5,3,5,15,2,0,0,3,5
875,8,8,5,8,25,4,0,0,5,8
876,3,3,2,3,13,0,2,0,2,3
877,52,52,27,51,178,27,3,0,27,52
878,59,59,25,58,183,40,2,0,25,59
879,52,52,27,50,158,29,1,0,27,52
880,50,50,28,49,160,26,0,0,28,50
881,5,5,5,5,11,0,0,0,5,5
882,45,45,24,44,131,20,4,0,24,45
883,41,41,22,39,118,25,0,0,22,41
884,10,10,7,10,23,3,0,0,7,10
885,40,40,21,40,130,24,0,0,21,40
886,11,11,4,11,30,7,0,0,4,11
887,43,43,24,42,130,23,0,0,24,43
888,5,5,2,5,16,3,0,0,2,5
889,24,24,13,23,75,19,0,0,13,24
890,18,18,12,18,62,7,0,0,12,18
891,19,19,12,19,65,7,0,1,12,19
892,10,10,8,10,26,3,0,0,8,10
893,22,22,12,21,65,14,0,0,12,22
894,37,37,22,36,118,16,2,0,22,37
895,21,21,13,21,57,14,0,0,13,21
896,50,50,31,49,150,23,0,0,31,50
897,18,18,11,18,49,8,0,0,11,18
898,32,32,12,27,81,24,1,0,12,32
899,56,56,25,47,130,42,2,0,25,56
900,4,4,3,4,14,1,0,0,3,4
901,51,51,27,50,170,30,0,0,27,51
902,56,56,31,55,159,30,1,0,31,56
903,40,40,24,40,119,18,0,0,24,40
904,49,47,25,47,142,29,0,0,27,49
905,5,3,0,3,10,3,0,0,2,5
906,5,3,1,3,9,2,0,0,3,5
907,6,4,2,4,13,2,0,0,4,6
908,55,54,34,51,151,25,0,0,35,55
909,43,41,23,38,114,22,0,1,25,43
910,49,49,26,46,141,28,0,0,26,49
911,53,52,31,51,159,25,1,1,32,53
912,55,55,28,52,161,33,0,0,28,55
913,35,35,20,32,96,20,0,0,20,35
914,48,48,23,47,139,30,0,1,23,48
915,49,48,21,45,166,32,4,0,22,49
916,23,23,9,21,73,14,3,0,9,23
917,37,37,23,35,133,19,4,0,23,37
918,59,58,22,54,201,46,4,0,23,59
919,50,48,17,42,155,46,4,0,19,50
920,60,58,23,56,205,46,5,0,25,60
921,9,9,5,8,27,6,0,0,5,9
922,38,35,16,33,133,23,2,0,19,38
923,53,50,17,47,168,42,3,0,20,53
924,40,39,18,37,143,26,1,0,19,40
925,15,15,7,14,56,8,3,1,7,15
926,46,44,16,43,134,34,6,0,18,46
927,34,33,12,32,117,25,2,0,13,34
928,10,10,5,10,30,4,2,0,5,10
929,60,60,16,57,160,48,7,0,16,60
930,24,24,11,23,90,18,2,0,11,24
931,55,55,27,53,168,33,2,0,27,55
932,51,51,25,48,174,33,1,1,25,51
933,42,42,18,42,134,29,0,1,18,42
934,29,29,7,26,77,29,3,0,7,29
935,25,25,12,24,83,15,0,0,12,25
936,19,19,9,19,52,10,2,0,9,19
937,10,9,5,9,35,4,0,1,6,10
938,3,3,1,3,8,3,0,1,1,3
939,41,41,12,37,134,44,1,1,12,41
940,7,7,4,7,23,3,0,0,4,7
941,37,37,21,35,118,20,0,1,21,37
942,7,7,4,7,22,3,0,0,4,7
943,67,59,22,56,175,43,1,2,30,67
944,45,45,26,42,124,24,0,0,26,45
945,7,7,5,7,15,2,0,0,5,7
946,27,27,18,25,84,13,0,0,18,27
947,4,3,3,3,12,0,0,0,4,4
948,4,3,0,3,8,3,0,0,1,4
949,4,3,1,3,12,2,0,0,2,4
950,4,3,2,3,10,1,0,0,3,4
951,2,2,1,2,10,1,0,0,1,2
952,7,6,1,6,15,9,0,0,2,7
953,1,1,1,1,5,0,0,0,1,1
954,1,0,0,0,0,0,0,0,1,1
955,15,15,5,14,38,11,0,0,5,15
956,7,6,2,5,18,6,0,0,3,7
957,9,8,3,8,24,5,0,1,4,9
958,5,4,0,4,7,5,0,0,1,5
959,5,4,2,4,13,3,0,0,3,5
960,3,3,0,3,6,3,0,0,0,3
961,2,2,0,2,6,3,0,0,0,2
962,9,6,1,6,15,5,2,0,4,9
963,57,54,16,51,136,47,1,0,19,57
964,53,50,11,44,129,60,1,1,14,53
965,70,58,24,55,168,46,1,0,36,70
966,51,51,23,48,152,39,0,1,23,51
967,52,50,22,49,193,33,1,0,24,52
968,50,50,19,48,167,39,6,0,19,50
969,29,29,11,27,91,25,1,0,11,29
970,61,52,23,51,189,35,1,0,32,61
971,55,51,19,49,181,36,3,0,23,55
972,38,38,19,38,140,25,0,0,19,38
973,47,47,18,46,173,37,2,0,18,47
974,59,59,28,56,207,41,2,0,28,59
975,54,54,22,53,179,40,3,0,22,54
976,47,47,21,45,154,35,1,0,21,47
977,58,58,27,57,200,35,0,0,27,58
978,52,52,22,52,193,33,2,1,22,52
979,54,54,19,52,194,42,1,1,19,54
980,46,46,12,44,172,47,2,0,12,46
981,47,47,19,45,154,36,1,0,19,47
982,47,47,15,45,183,40,6,0,15,47
983,56,56,21,53,181,50,0,0,21,56
984,20,20,8,18,66,16,1,0,8,20
985,45,45,17,43,157,36,1,1,17,45
986,54,54,26,51,186,36,0,1,26,54
987,56,55,28,54,187,39,1,1,29,56
988,42,42,20,41,138,27,1,0,20,42
989,13,13,3,13,39,12,2,1,3,13
990,10,10,6,10,31,3,2,0,6,10
991,4,4,1,4,12,2,1,0,1,4
992,6,6,3,5,18,4,0,0,3,6
993,5,5,3,5,14,2,0,0,3,5
994,13,13,4,13,35,11,0,0,4,13
995,53,53,21,51,180,43,1,2,21,53
996,8,8,4,8,24,6,0,0,4,8
997,39,36,24,36,125,13,1,0,27,39
998,1,1,0,1,5,1,0,0,0,1
999,2,1,0,1,2,2,0,0,1,2
1000,3,2,1,2,6,2,0,0,2,3
1001,5,4,1,4,10,5,0,0,2,5
1002,23,23,5,21,66,27,1,0,5,23
1003,2,2,1,2,6,2,0,0,1,2
1004,5,4,2,4,15,3,0,0,3,5
1005,3,2,0,2,2,2,0,0,1,3
1006,3,2,0,2,3,2,0,0,1,3
1007,4,3,1,2,9,2,0,0,2,4
1008,3,2,0,2,3,2,0,0,1,3
1009,3,2,0,1,2,2,0,0,1,3
1010,3,2,1,2,6,1,0,0,2,3
1011,5,4,2,3,10,3,0,0,3,5
1012,6,5,1,4,15,6,0,0,2,6
1013,4,3,1,2,9,2,1,0,2,4
1014,9,8,2,8,24,7,0,0,3,9
1015,15,15,8,14,45,7,1,0,8,15
1016,11,11,4,10,26,10,0,0,4,11
1017,14,13,3,11,33,12,1,0,4,14
1018,11,11,4,9,35,9,0,0,4,11
1019,12,12,5,11,37,9,0,0,5,12
1020,11,11,5,11,34,8,0,0,5,11
1021,15,15,5,14,45,10,2,0,5,15
1022,9,9,2,7,31,10,0,0,2,9
1023,15,15,2,14,39,21,0,0,2,15
1024,44,44,13,42,148,38,2,0,13,44
1025,37,37,21,37,123,16,4,0,21,37
1026,3,3,1,3,8,2,0,0,1,3
1027,2,1,0,1,3,1,0,0,1,2
1028,8,6,1,6,12,6,0,0,3,8
1029,9,7,2,7,17,5,0,0,4,9
1030,4,3,0,3,6,3,0,0,1,4
1031,3,3,0,1,7,4,1,0,0,3
1032,5,5,2,5,17,3,0,0,2,5
1033,9,9,2,8,22,9,3,0,2,9
1034,18,18,2,14,36,22,0,0,2,18
1035,8,8,1,6,18,9,2,0,1,8
1036,15,15,5,13,40,13,1,1,5,15
1037,9,9,3,8,30,7,2,0,3,9
1038,7,7,1,7,22,12,0,0,1,7
1039,4,3,0,2,6,6,0,0,1,4
1040,4,3,0,3,8,3,0,0,1,4
1041,3,2,0,2,5,2,0,0,1,3
1042,4,3,1,3,9,3,0,0,2,4
1043,10,9,2,9,26,10,0,0,3,10
1044,16,16,5,15,56,13,0,0,5,16
1045,5,5,1,4,10,8,0,0,1,5
1046,13,13,5,13,33,10,0,0,5,13
1047,14,14,4,13,38,15,0,0,4,14
1048,10,9,0,9,26,12,0,0,1,10
1049,7,7,1,7,22,8,0,0,1,7
1050,2,1,0,1,3,1,0,0,1,2
1051,4,3,0,3,8,3,0,0,1,4
1052,10,8,2,6,20,9,0,0,4,10
1053,17,15,2,15,45,19,0,0,4,17
1054,7,7,2,5,14,4,4,0,2,7
1055,12,12,3,11,35,13,0,0,3,12
1056,7,7,5,7,19,3,0,0,5,7
1057,9,9,2,8,30,7,2,0,2,9
1058,10,10,4,9,25,8,1,0,4,10
1059,12,12,4,11,39,10,0,0,4,12
1060,9,9,4,9,28,5,0,0,4,9
1061,9,9,3,7,22,10,0,0,3,9
1062,8,6,0,6,14,7,0,0,2,8
1063,4,3,0,3,11,3,0,0,1,4
1064,5,4,1,3,7,7,0,0,2,5
1065,10,9,3,7,21,10,0,0,4,10
1066,14,14,4,13,39,12,0,2,4,14
1067,8,8,2,8,17,5,1,0,2,8
1068,12,12,2,12,38,9,2,0,2,12
1069,9,9,4,9,28,5,0,0,4,9
1070,7,7,1,7,24,8,0,0,1,7
1071,6,5,0,4,12,7,0,0,1,6
1072,8,6,1,5,14,7,0,0,3,8
1073,9,7,2,7,13,5,0,0,4,9
1074,3,2,0,2,5,2,0,0,1,3
1075,9,8,1,8,26,9,0,0,2,9
1076,14,14,2,13,33,15,0,1,2,14
1077,9,9,3,8,33,8,0,0,3,9
1078,8,8,2,8,24,6,2,0,2,8
1079,9,9,3,9,26,7,0,0,3,9
1080,9,9,4,9,28,5,0,0,4,9
1081,74,74,42,73,244,35,4,0,42,74
1082,54,54,26,51,185,37,0,0,26,54
1083,55,53,35,50,151,24,3,0,37,55
1084,47,44,21,43,137,22,5,0,24,47
1085,52,52,31,49,142,29,0,0,31,52
1086,25,25,16,25,73,12,0,0,16,25
1087,3,3,2,3,9,1,0,0,2,3
1088,55,54,26,53,167,32,4,0,27,55
1089,50,50,27,49,170,34,2,0,27,50
1090,48,48,25,47,153,30,0,0,25,48
1091,59,59,25,59,194,43,1,0,25,59
1092,41,38,21,37,130,26,0,0,24,41
1093,54,53,23,50,165,37,3,0,24,54
1094,39,38,18,38,122,24,0,0,19,39
1095,43,43,21,42,139,24,0,0,21,43
1096,53,53,26,52,183,36,3,0,26,53
1097,54,54,22,54,198,49,0,0,22,54
1098,54,54,19,53,188,47,0,1,19,54
1099,45,45,21,44,126,25,4,0,21,45
1100,55,54,21,53,211,45,2,0,22,55
1101,45,44,21,43,151,35,0,0,22,45
1102,51,50,21,47,186,42,2,0,22,51
1103,53,50,24,50,169,35,0,0,27,53
1104,58,56,29,53,180,42,2,0,31,58
1105,61,59,26,58,190,43,3,0,28,61
1106,14,14,7,14,46,10,0,0,7,14
1107,44,44,26,41,124,20,1,2,26,44
1108,37,37,17,34,105,26,1,0,17,37
1109,54,54,27,49,142,41,0,0,27,54
1110,51,50,26,47,150,28,2,0,27,51
1111,51,51,32,49,138,24,0,0,32,51
1112,53,53,32,50,165,19,5,0,32,53
1113,51,50,28,46,144,26,3,0,29,51
1114,51,51,34,49,155,20,2,0,34,51
1115,57,56,33,54,158,31,0,0,34,57
1116,57,57,34,55,193,27,0,2,35,57
1117,52,52,21,46,136,35,6,0,21,52
1118,53,52,19,48,158,41,3,0,20,53
1119,42,41,21,40,127,27,1,0,22,42
1120,26,26,14,26,78,14,0,0,14,26
1121,57,57,29,55,171,31,6,0,29,57
1122,18,18,8,18,50,13,1,0,8,18
1123,52,52,29,51,153,24,4,0,29,52
1124,59,59,23,55,160,41,3,2,23,59
1125,54,54,25,48,140,37,1,0,25,54
1126,50,50,24,49,151,27,1,0,24,50
1127,54,54,30,52,161,29,0,0,30,54
1128,47,47,27,42,119,18,7,0,27,47
1129,57,57,29,54,163,32,0,1,29,57
1130,52,52,27,49,155,30,2,0,27,52
1131,46,46,27,46,122,21,0,0,27,46
1132,43,43,17,40,119,34,0,0,17,43
1133,52,52,20,49,141,37,1,0,20,52
1134,54,54,28,52,159,31,1,0,28,54
1135,50,50,22,48,137,31,5,0,22,50
1136,53,53,26,50,169,31,0,1,26,53
1137,49,49,28,47,143,21,5,1,28,49
1138,21,21,12,21,61,8,2,0,12,21
1139,56,56,25,51,185,44,9,0,25,56
1140,6,6,4,6,19,2,0,0,4,6
1141,37,37,20,35,114,26,0,0,20,37
1142,12,12,7,11,37,6,1,0,7,12
1143,53,52,24,49,147,36,2,0,25,53
1144,57,57,31,54,189,34,0,0,31,57
1145,60,60,30,60,179,31,4,0,30,60
1146,50,50,23,47,150,32,2,0,23,50
1147,51,51,27,49,172,27,2,0,27,51
1148,17,17,4,14,50,19,0,0,4,17
1149,39,37,19,37,106,20,1,0,21,39
1150,53,53,27,51,160,32,0,0,27,53
1151,17,17,8,16,43,10,0,0,8,17
1152,23,23,10,21,63,17,1,0,10,23
1153,7,7,2,7,21,7,0,0,2,7
1154,50,50,27,46,152,34,0,0,27,50
1155,38,38,21,36,115,25,0,0,21,38
1156,42,42,17,41,107,31,0,0,17,42
1157,8,8,5,8,27,4,0,0,5,8
1158,27,27,12,27,78,21,0,0,12,27
1159,25,25,14,25,69,14,0,0,14,25
1160,30,30,16,30,95,18,0,0,16,30
1161,27,27,11,26,74,18,0,0,11,27
1162,21,21,10,20,57,15,0,0,10,21
1163,32,32,15,30,101,24,0,0,15,32
1164,17,17,7,17,53,13,0,0,7,17
1165,26,26,11,26,80,15,1,0,11,26
1166,7,7,3,7,19,4,0,0,3,7
1167,30,30,16,29,85,16,3,0,16,30
1168,56,56,26,54,155,35,1,0,26,56
1169,49,49,35,49,135,16,0,1,35,49
1170,59,59,26,56,164,43,0,0,26,59
1171,23,23,15,23,67,10,0,0,15,23
1172,5,5,2,5,19,3,0,0,2,5
1173,28,28,14,26,91,20,0,0,14,28
1174,10,10,3,10,31,8,0,0,3,10
1175,18,16,10,16,51,7,0,0,12,18
1176,20,19,10,18,60,11,0,0,11,20
1177,60,59,28,56,152,34,3,0,29,60
1178,48,43,20,40,113,21,4,1,25,48
1179,13,13,7,12,40,9,0,0,7,13
1180,44,43,25,43,139,24,2,0,26,44
1181,56,56,19,51,165,45,4,3,20,56
1182,53,53,16,51,179,47,5,1,16,53
1183,55,55,25,53,172,39,2,0,25,55
1184,36,36,18,34,113,25,1,1,18,36
1185,52,52,18,44,161,49,2,1,18,52
1186,51,50,18,48,147,39,3,2,19,51
1187,40,40,24,40,117,16,2,0,24,40
1188,52,52,22,50,187,36,2,0,22,52
1189,60,60,34,57,190,38,1,0,34,60
1190,43,43,19,40,126,28,5,0,19,43
1191,54,54,25,51,162,44,0,0,25,54
1192,49,49,18,44,149,40,4,0,18,49
1193,48,46,18,43,155,35,1,0,20,48
1194,51,51,26,49,140,29,2,1,26,51
1195,53,51,23,46,135,35,5,0,25,53
1196,42,41,14,38,150,47,1,0,15,42
1197,58,56,17,52,171,52,3,0,19,58
1198,58,57,21,54,179,48,5,0,22,58
1199,29,29,16,27,115,19,1,0,16,29
1200,38,38,16,36,118,31,0,0,16,38
1201,29,28,14,28,86,15,1,0,15,29
1202,45,45,20,41,150,29,2,2,20,45
1203,52,50,23,48,167,35,1,0,25,52
1204,43,43,16,39,149,41,1,0,16,43
1205,38,38,15,38,118,29,0,0,15,38
1206,44,42,15,39,129,34,2,0,17,44
1207,56,54,25,52,162,33,1,0,27,56
1208,31,30,15,29,99,20,0,0,16,31
1209,43,41,25,39,138,20,0,1,27,43
1210,46,46,19,44,161,35,2,0,19,46
1211,38,37,16,36,129,24,0,0,17,38
1212,39,37,12,37,128,28,3,0,14,39
1213,43,43,25,42,136,20,0,1,25,43
1214,52,52,23,49,172,41,1,0,23,52
1215,53,51,19,48,159,44,2,0,21,53
1216,27,26,15,25,85,12,2,0,16,27
1217,2,2,0,1,3,3,0,0,0,2
1218,6,6,5,6,22,1,0,0,5,6
1219,34,34,16,34,105,22,1,0,16,34
1220,5,5,2,5,15,3,0,0,2,5
1221,5,5,2,5,14,1,0,2,2,5
1222,7,7,4,7,23,2,2,0,4,7
1223,5,5,4,5,16,1,0,0,4,5
1224,18,18,9,17,51,11,1,0,9,18
1225,4,4,3,4,12,0,1,0,3,4
1226,16,16,8,14,49,11,0,0,8,16
1227,5,5,1,4,13,8,0,0,1,5
1228,28,28,5,24,72,25,2,0,5,28
1229,1,1,0,1,3,0,1,0,0,1
1230,5,5,1,4,14,6,0,0,1,5
1231,11,11,6,11,34,6,0,0,6,11
1232,53,53,28,53,176,27,2,0,28,53
1233,15,15,11,15,41,6,0,0,11,15
1234,9,9,5,6,18,7,0,0,5,9
1235,7,7,3,6,21,5,0,0,3,7
1236,7,7,3,6,20,7,0,0,3,7
1237,8,8,3,7,18,7,0,0,3,8
1238,5,5,3,5,16,1,1,0,3,5
1239,13,13,6,13,40,7,0,0,6,13
1240,14,14,9,13,35,6,0,0,9,14
1241,3,3,3,3,8,0,0,0,3,3
1242,20,20,10,18,60,12,1,0,10,20
1243,59,59,24,57,160,41,2,0,24,59
1244,36,36,16,34,104,26,1,0,16,36
1245,32,32,11,29,86,21,0,1,11,32
1246,46,46,14,43,137,39,0,0,14,46
1247,50,50,23,45,133,37,1,0,23,50
1248,49,49,26,47,148,27,2,0,26,49
1249,53,53,15,49,161,46,5,0,15,53
1250,31,31,5,31,81,25,7,0,5,31
1251,41,41,14,39,121,33,1,0,14,41
1252,40,40,14,36,108,38,0,0,14,40
1253,57,57,25,56,201,46,0,1,25,57
1254,61,60,26,58,179,41,0,0,27,61
1255,53,53,24,49,163,34,6,0,24,53
1256,35,35,16,32,104,22,3,0,16,35
1257,42,42,22,41,118,22,1,0,22,42
1258,30,30,14,29,105,19,1,0,14,30
1259,39,39,16,37,121,25,0,4,17,39
1260,29,29,17,28,100,15,0,0,17,29
1261,56,56,21,52,162,44,0,0,21,56
1262,51,51,19,48,139,42,1,0,19,51
1263,55,55,28,51,172,36,0,0,28,55
1264,57,57,34,55,182,26,1,1,34,57
1265,2,2,1,2,7,1,0,0,1,2
1266,60,60,34,58,187,30,3,0,34,60
1267,52,52,18,49,150,45,2,0,18,52
1268,41,41,21,38,126,25,1,0,21,41
1269,50,50,19,48,138,35,5,0,19,50
1270,50,50,18,45,124,42,0,0,18,50
1271,55,55,27,54,175,25,9,0,27,55
1272,55,55,23,52,168,36,6,0,23,55
1273,55,55,27,51,169,36,0,0,27,55
1274,61,60,28,56,165,34,11,0,29,61
1275,53,53,26,49,149,32,4,0,26,53
1276,53,53,15,47,150,46,4,0,15,53
1277,43,43,22,40,132,25,2,1,22,43
1278,44,44,21,40,125,31,2,1,21,44
1279,52,52,29,48,152,28,1,2,29,52
1280,43,43,19,42,143,29,0,0,19,43
1281,43,43,25,42,145,15,2,1,25,43
1282,56,56,24,54,210,38,2,0,24,56
1283,59,59,29,57,212,40,0,0,29,59
1284,52,52,15,46,152,51,1,0,15,52
1285,41,40,12,39,131,34,1,1,13,41
1286,45,45,18,44,142,34,0,0,18,45
1287,17,17,10,15,45,10,2,0,10,17
1288,54,54,33,53,168,23,1,1,33,54
1289,54,53,23,47,138,38,4,0,24,54
1290,50,50,23,46,139,37,3,1,23,50
1291,58,58,20,56,183,43,2,0,20,58
1292,56,56,25,53,163,36,3,0,25,56
1293,29,29,11,27,89,24,0,1,11,29
1294,4,4,2,4,12,3,0,0,2,4
1295,8,8,2,6,24,8,0,0,2,8
1296,8,8,5,8,31,3,0,0,5,8
1297,11,11,5,10,25,5,2,0,5,11
1298,9,9,4,7,24,8,0,0,4,9
1299,9,9,4,9,25,6,0,0,4,9
1300,8,8,3,8,25,5,3,0,3,8
1301,10,10,6,10,27,4,0,0,6,10
1302,10,10,4,8,24,7,2,0,4,10
1303,9,9,4,8,28,6,0,0,4,9
1304,8,8,2,7,24,10,0,0,2,8
1305,8,8,3,7,25,6,0,0,3,8
1306,7,7,2,7,27,3,3,0,2,7
1307,10,4,3,4,11,2,0,0,3,10
1308,8,8,5,8,26,4,0,0,5,8
1309,8,8,3,7,22,7,0,0,3,8
1310,10,10,5,9,24,7,1,0,5,10
1311,11,11,6,9,23,5,1,0,6,11
1312,9,9,3,7,24,6,2,0,3,9
1313,9,9,4,9,25,7,1,0,4,9
1314,11,11,6,11,28,5,0,0,6,11
1315,8,8,4,8,28,4,0,0,4,8
1316,9,9,4,8,24,8,0,0,4,9
1317,9,9,4,9,28,5,0,0,4,9
1318,9,9,2,7,22,6,4,0,2,9
1319,9,9,3,9,23,8,1,0,3,9
1320,8,8,3,8,29,4,1,0,3,8
1321,9,9,5,9,27,5,0,0,5,9
1322,10,10,5,9,23,7,0,0,5,10
1323,10,10,7,10,30,3,0,0,7,10
1324,8,8,4,8,29,7,0,0,4,8
1325,8,8,5,8,26,5,0,0,5,8
1326,9,9,4,8,28,4,0,1,4,9
1327,9,9,6,9,27,3,1,0,6,9
1328,8,8,4,8,24,5,0,0,4,8
1329,9,9,5,9,30,4,1,0,5,9
1330,9,9,3,9,27,8,0,0,3,9
1331,4,4,3,3,12,1,1,0,3,4
1332,13,13,7,13,38,7,0,0,7,13
1333,18,18,6,17,45,13,1,0,6,18
1334,18,18,8,17,54,13,0,0,8,18
1335,11,11,8,10,29,5,0,0,8,11
1336,26,26,14,25,58,14,0,0,14,26
1337,10,10,3,10,27,8,1,0,3,10
1338,9,9,3,9,27,7,0,0,3,9
1339,11,11,5,11,30,7,0,0,5,11
1340,12,12,5,11,24,12,0,0,5,12
1341,19,19,9,18,51,17,0,0,9,19
1342,10,10,2,8,23,8,2,0,2,10
1343,20,20,11,20,56,11,0,0,11,20
1344,23,23,11,22,52,15,0,0,11,23
1345,10,10,6,10,33,2,1,1,6,10
1346,22,22,12,20,59,9,3,0,12,22
1347,12,12,7,12,33,5,0,0,7,12
1348,12,12,9,12,39,2,0,1,9,12
1349,22,22,9,20,52,16,0,0,9,22
1350,10,10,5,9,28,6,0,0,5,10
1351,12,12,4,11,26,6,3,0,4,12
1352,11,11,7,11,28,5,0,0,7,11
1353,40,40,19,38,125,23,0,0,19,40
1354,45,45,24,42,141,25,1,0,24,45
1355,45,45,23,41,124,36,0,0,23,45
1356,9,9,5,9,38,3,2,0,5,9
1357,60,60,23,59,167,46,0,1,23,60
1358,6,6,1,6,15,5,0,0,1,6
1359,14,14,9,13,45,8,0,0,9,14
1360,31,31,18,31,106,18,0,0,18,31
1361,19,19,13,18,53,8,0,0,13,19
1362,39,39,26,37,137,17,0,0,26,39
1363,17,17,9,17,49,8,0,0,9,17
1364,34,34,17,34,106,19,1,0,17,34
1365,51,51,32,48,168,23,0,0,32,51
1366,43,43,22,41,126,25,0,0,22,43
1367,14,14,7,13,40,9,0,0,7,14
1368,24,24,12,24,65,14,0,0,12,24
1369,7,7,3,6,18,5,0,0,3,7
1370,20,20,13,20,67,7,0,0,13,20
1371,24,24,11,24,86,17,0,0,11,24
1372,22,22,10,19,57,16,2,0,10,22
1373,55,55,25,50,154,43,2,0,25,55
1374,48,48,29,46,149,22,2,0,29,48
1375,39,39,26,38,129,17,0,0,26,39
1376,48,48,28,46,150,25,3,0,28,48
1377,53,53,26,51,174,35,0,0,26,53
1378,42,42,19,39,123,30,0,1,19,42
1379,49,49,27,46,146,29,1,0,27,49
1380,45,45,21,41,124,29,1,0,21,45
1381,50,50,21,46,153,36,2,0,21,50
1382,54,54,26,51,170,33,3,1,26,54
1383,30,30,15,28,95,18,2,0,15,30
1384,44,44,17,41,147,42,0,0,17,44
1385,35,35,16,34,104,26,1,0,16,35
1386,6,6,2,6,18,5,0,0,2,6
1387,13,13,4,13,35,15,0,0,4,13
1388,52,52,21,50,150,47,0,0,21,52
1389,43,43,16,41,135,41,3,0,16,43
1390,61,59,28,59,199,41,0,0,30,61
1391,59,55,18,47,168,57,1,0,22,59
1392,57,53,22,51,159,35,1,0,26,57
1393,42,39,16,38,114,30,1,0,19,42
1394,2,0,0,0,0,0,0,0,2,2
1395,52,50,18,49,170,35,2,0,20,52
1396,53,52,27,51,176,29,1,0,28,53
1397,63,59,38,57,176,24,2,0,42,63
1398,61,60,26,56,195,41,0,0,27,61
1399,58,58,23,56,190,38,4,1,23,58
1400,19,19,9,18,52,11,0,0,9,19
1401,55,53,15,49,138,51,2,0,17,55
1402,51,51,22,48,154,31,3,0,22,51
1403,53,53,20,48,151,39,3,0,20,53
1404,30,30,13,29,109,19,1,0,13,30
1405,39,33,17,30,102,25,1,0,23,39
1406,40,34,19,32,103,20,1,0,25,40
1407,57,56,30,54,161,33,0,0,31,57
1408,44,43,18,43,118,28,1,0,19,44
1409,2,1,0,1,3,1,0,0,1,2
1410,10,10,2,10,45,11,0,0,2,10
1411,52,47,24,46,165,30,0,0,29,52
1412,47,45,19,44,157,33,0,0,21,47
1413,53,53,17,49,181,48,2,0,17,53
1414,6,6,3,6,19,5,0,0,3,6
1415,46,45,21,41,130,30,3,0,22,46
1416,36,36,20,33,103,19,0,0,20,36
1417,19,19,8,18,63,14,0,0,8,19
1418,46,44,27,43,133,24,0,0,29,46
1419,21,21,6,19,64,20,0,0,6,21
1420,40,39,17,38,118,25,3,0,18,40
1421,29,29,10,26,108,32,1,1,10,29
1422,8,8,6,8,29,2,0,0,6,8
1423,44,42,19,42,143,34,1,0,21,44
1424,36,36,13,34,115,26,0,0,13,36
1425,8,8,4,8,33,4,1,0,4,8
1426,28,28,15,28,91,14,0,0,15,28
1427,52,52,34,51,166,24,1,0,34,52
1428,23,23,14,22,67,12,0,0,14,23
1429,53,51,27,51,172,27,1,1,28,53
1430,35,35,21,35,111,14,1,0,21,35
1431,13,10,5,10,32,7,0,0,8,13
1432,24,24,10,24,87,20,1,0,10,24
1433,35,33,15,32,103,21,0,0,17,35
1434,29,29,12,29,107,22,1,0,12,29
1435,22,20,6,20,80,18,0,0,8,22
1436,24,24,13,24,82,15,2,0,13,24
1437,43,41,19,39,138,27,1,0,21,43
1438,33,31,14,27,86,19,0,0,16,33
1439,27,26,12,26,83,17,0,1,13,27
1440,25,24,12,23,90,14,3,0,13,25
1441,47,46,15,44,143,38,3,0,16,47
1442,40,39,22,39,131,19,0,0,23,40
1443,49,49,17,47,169,39,7,1,17,49
1444,43,43,15,42,161,38,3,1,15,43
1445,40,40,17,38,134,30,0,0,17,40
1446,23,23,6,23,69,22,1,0,6,23
1447,37,33,19,33,118,17,0,0,23,37
1448,26,26,11,24,84,18,1,0,11,26
1449,31,29,12,29,100,19,3,0,14,31
1450,38,36,18,35,118,21,0,0,20,38
1451,43,43,26,42,144,27,0,0,26,43
1452,11,11,6,11,42,6,0,0,6,11
1453,34,31,11,30,113,27,2,0,14,34
1454,67,60,22,58,187,43,4,0,29,67
1455,7,7,2,7,23,7,0,0,2,7
1456,52,44,24,44,147,29,0,0,32,52
1457,37,35,18,34,110,23,0,0,20,37
1458,28,26,14,26,76,15,0,0,16,28
1459,22,22,11,22,69,11,0,0,11,22
1460,57,55,26,54,185,34,3,1,28,57
1461,19,19,12,18,46,9,0,0,12,19
1462,16,16,7,15,40,12,1,0,7,16
1463,10,10,6,10,30,4,0,0,6,10
1464,20,20,10,20,64,14,0,0,10,20
1465,41,41,11,40,131,34,3,0,11,41
1466,47,45,19,45,175,33,1,0,21,47
1467,11,9,4,9,29,6,0,0,6,11
1468,51,51,26,50,164,30,1,0,26,51
1469,32,32,9,29,97,30,2,0,9,32
1470,35,35,15,32,114,27,3,0,15,35
1471,33,33,12,33,114,22,1,0,12,33
1472,51,47,22,47,162,27,1,0,26,51
1473,46,46,20,46,148,27,2,0,20,46
1474,42,42,23,41,153,20,4,0,23,42
1475,32,32,16,32,106,14,2,0,16,32
1476,43,42,25,41,131,23,2,0,26,43
1477,24,22,14,22,78,10,0,0,16,24
1478,2,1,0,1,3,1,0,0,1,2
1479,10,10,5,9,33,9,0,0,5,10
1480,21,21,10,21,84,14,0,0,10,21
1481,21,21,10,19,65,14,2,0,10,21
1482,34,32,8,30,120,24,5,0,10,34
1483,42,38,13,37,121,32,5,1,17,42
1484,21,20,11,19,67,16,0,0,12,21
1485,38,38,23,38,117,15,0,0,23,38
1486,30,28,16,27,85,10,1,1,18,30
1487,50,50,21,49,155,32,0,0,21,50
1488,38,38,16,37,104,23,1,0,16,38
1489,15,15,8,15,51,8,0,0,8,15
1490,7,7,3,7,27,4,0,0,3,7
1491,59,52,25,48,186,37,1,0,32,59
1492,15,14,6,14,41,8,0,0,7,15
1493,40,37,22,35,112,20,1,0,25,40
1494,21,20,9,19,66,14,0,0,10,21
1495,28,26,16,25,71,17,0,0,18,28
1496,56,54,25,52,156,47,3,0,27,56
1497,10,10,4,9,31,7,0,0,4,10
1498,47,45,20,42,148,31,2,2,22,47
1499,16,16,7,16,60,9,3,0,7,16
1500,42,42,17,40,153,36,0,0,17,42
1501,41,39,14,37,142,42,0,0,16,41
1502,8,8,1,8,28,10,0,0,1,8
1503,25,25,12,24,78,18,0,0,12,25
1504,49,44,25,44,135,21,0,1,30,49
1505,55,55,20,55,174,43,0,0,20,55
1506,12,12,3,12,48,13,0,0,3,12
1507,19,19,8,18,70,14,0,0,8,19
1508,27,27,12,26,97,21,0,0,12,27
1509,35,31,9,28,96,30,2,0,13,35
1510,48,46,23,46,151,29,2,0,25,48
1511,11,11,6,11,33,6,0,0,6,11
1512,27,27,11,27,85,18,0,0,11,27
1513,65,60,28,60,197,36,0,0,33,65
1514,45,44,21,43,149,29,0,0,22,45
1515,46,44,23,43,149,25,0,1,24,46
1516,21,21,12,20,70,12,1,0,12,21
1517,8,8,3,8,30,5,0,0,3,8
1518,21,20,9,19,74,13,0,0,10,21
1519,46,45,15,45,166,43,0,0,16,46
1520,20,20,12,19,64,10,0,0,12,20
1521,39,38,11,37,130,38,2,0,12,39
1522,34,34,16,32,116,24,0,0,16,34
1523,30,28,14,27,97,17,2,0,16,30
1524,9,9,2,9,38,11,0,0,2,9
1525,35,31,16,31,109,23,0,1,19,35
1526,19,19,6,19,89,18,0,0,6,19
1527,61,59,26,59,247,43,0,0,28,61
1528,54,52,30,51,178,33,0,0,32,54
1529,26,25,12,24,83,16,0,0,13,26
1530,29,29,13,27,95,23,0,1,13,29
1531,30,29,13,28,80,21,1,0,14,30
1532,34,33,19,33,110,16,0,0,20,34
1533,61,60,32,56,172,36,0,3,33,61
1534,45,43,25,39,140,27,4,0,27,45
1535,45,45,27,44,136,18,4,0,27,45
1536,9,9,4,9,33,4,0,1,4,9
1537,55,48,22,45,145,32,4,0,29,55
1538,1,1,0,1,4,1,0,0,0,1
1539,26,26,10,22,78,24,2,0,10,26
1540,16,16,6,16,52,11,0,0,6,16
1541,39,39,18,38,109,28,0,0,18,39
1542,30,30,18,30,85,18,0,0,18,30
1543,33,32,18,31,112,15,2,0,19,33
1544,7,7,2,7,20,7,0,0,2,7
1545,50,50,13,48,154,51,2,0,13,50
1546,52,48,21,45,155,40,0,1,25,52
1547,35,32,20,32,107,16,0,0,23,35
1548,52,47,21,44,143,32,3,0,26,52
1549,14,14,9,14,48,6,0,0,9,14
1550,25,23,7,23,72,16,2,0,9,25
1551,15,15,9,15,56,6,0,0,9,15
1552,23,21,9,21,64,12,0,0,11,23
1553,27,25,9,24,77,19,1,0,11,27
1554,42,38,13,37,133,29,2,0,17,42
1555,17,15,5,13,41,15,0,0,7,17
1556,27,25,10,19,66,23,3,0,12,27
1557,61,57,30,52,177,38,2,0,34,61
1558,34,34,16,33,116,21,0,1,16,34
1559,49,49,24,48,146,33,1,0,24,49
1560,30,29,13,26,81,21,0,1,13,30
1561,35,33,13,32,101,24,1,0,15,35
1562,47,47,23,44,140,32,0,0,23,47
1563,16,14,10,14,49,4,0,0,12,16
1564,41,41,26,40,132,17,0,0,26,41
1565,18,18,8,18,72,12,2,0,8,18
1566,59,59,25,56,210,53,2,0,25,59
1567,21,21,11,21,78,12,0,0,11,21
1568,9,9,5,9,30,4,0,0,5,9
1569,18,18,7,17,62,13,2,0,7,18
1570,54,54,30,52,177,29,1,1,30,54
1571,40,37,15,35,126,23,3,0,18,40
1572,34,34,14,33,104,24,2,0,14,34
1573,19,19,10,19,66,9,0,0,10,19
1574,14,14,8,12,41,8,0,0,8,14
1575,55,55,19,51,173,42,5,0,19,55
1576,30,30,13,29,105,21,0,0,13,30
1577,35,35,19,35,131,18,2,0,19,35
1578,55,52,23,51,180,32,5,0,26,55
1579,44,41,19,40,149,23,1,1,22,44
1580,27,27,12,27,103,16,2,0,12,27
1581,52,51,18,48,168,47,4,0,19,52
1582,13,12,8,12,47,4,0,0,9,13
1583,47,46,23,46,165,29,0,0,24,47
1584,8,8,4,8,27,4,0,0,4,8
1585,27,27,16,27,96,14,2,0,16,27
1586,11,11,4,9,47,11,0,0,4,11
1587,37,37,12,36,130,37,1,0,12,37
1588,61,52,27,51,169,29,1,1,36,61
1589,50,40,24,40,145,22,0,0,34,50
1590,55,53,30,52,165,27,2,0,32,55
1591,14,14,4,12,54,12,1,0,4,14
1592,33,33,16,33,120,20,1,0,16,33
1593,26,22,8,21,78,19,2,0,12,26
1594,30,28,14,28,107,16,1,0,16,30
1595,32,32,14,31,108,25,4,0,14,32
1596,40,35,16,34,132,24,2,0,21,40
1597,7,7,2,7,26,6,0,0,2,7
1598,52,51,28,48,164,28,3,0,29,52
1599,17,17,4,16,59,20,0,0,4,17
1600,48,44,21,43,135,24,3,0,25,48
1601,54,52,26,47,183,33,2,0,28,54
1602,47,43,15,42,127,41,0,0,19,47
1603,38,35,15,33,117,30,0,0,18,38
1604,7,6,2,6,17,4,1,0,3,7
1605,44,43,18,42,140,29,3,0,19,44
1606,18,18,8,18,56,12,0,0,8,18
1607,18,16,9,14,45,9,0,0,11,18
1608,9,9,3,9,23,5,2,0,3,9
1609,46,41,18,38,129,28,0,3,21,46
1610,47,47,16,43,146,45,0,0,16,47
1611,42,42,16,39,124,34,4,0,16,42
