time,gpu_util,gpu_vram_mb,gpu_temp,cpu_pct,ram_pct,disk_read_mb_s,disk_write_mb_s
16:33:53,37,306.0,72.0,22,30,0.0,0.4
16:33:55,24,306.0,72.0,26,30,0.0,0.1
16:33:57,34,306.0,72.0,22,30,0.0,0.0
16:33:59,42,306.0,71.0,24,30,0.0,0.2
16:34:01,35,306.0,72.0,21,30,0.0,0.0
16:34:04,20,306.0,72.0,21,30,0.0,0.0
16:34:06,43,306.0,71.0,20,30,0.0,0.1
16:34:08,31,306.0,72.0,22,30,0.0,0.0
16:34:10,17,306.0,72.0,21,30,0.0,0.1
16:34:12,42,306.0,71.0,20,30,0.0,0.4
16:34:14,36,306.0,72.0,22,30,0.0,0.0
16:34:16,20,306.0,72.0,21,30,0.0,0.1
16:34:18,37,306.0,71.0,22,30,0.0,0.1
16:34:20,30,306.0,71.0,21,30,0.0,0.1
16:34:22,16,306.0,72.0,23,30,0.0,0.5
16:34:24,37,306.0,72.0,23,30,0.0,0.0
16:34:26,37,306.0,72.0,22,30,0.0,0.2
16:34:28,25,306.0,72.0,22,30,0.0,0.0
16:34:30,37,306.0,71.0,20,30,0.0,0.1
16:34:32,30,306.0,72.0,21,30,0.0,0.0
16:34:34,20,306.0,72.0,24,30,0.0,0.1
16:34:36,25,306.0,72.0,26,30,0.4,1.8
16:34:38,36,306.0,72.0,25,30,0.7,3.0
16:34:40,33,306.0,72.0,26,30,0.3,1.8
16:34:43,30,306.0,72.0,25,30,0.9,3.9
16:34:45,16,306.0,72.0,24,30,0.8,2.5
16:34:47,36,306.0,71.0,23,30,1.0,3.9
16:34:49,30,306.0,71.0,25,30,0.6,2.3
16:34:51,17,306.0,72.0,26,30,0.8,3.2
16:34:53,34,306.0,72.0,29,30,0.4,2.3
16:34:55,31,306.0,71.0,25,30,0.7,3.7
16:34:57,17,306.0,72.0,24,30,0.6,2.6
16:34:59,36,306.0,71.0,24,30,1.0,4.2
16:35:01,31,306.0,71.0,24,30,0.3,1.5
16:35:03,16,306.0,72.0,24,30,0.4,2.5
16:35:05,36,306.0,72.0,24,30,0.4,2.1
16:35:07,30,306.0,72.0,24,30,0.7,2.9
16:35:09,17,306.0,72.0,26,30,0.7,2.5
16:35:11,36,306.0,72.0,26,30,0.7,4.4
16:35:13,29,306.0,72.0,26,30,0.4,1.9
16:35:15,17,306.0,72.0,25,30,0.5,2.7
16:35:17,27,306.0,73.0,25,30,0.3,1.6
16:35:20,25,306.0,72.0,25,30,0.3,2.1
16:35:22,34,306.0,72.0,27,30,0.3,1.9
16:35:24,27,306.0,72.0,34,30,16.0,15.2
16:35:26,28,306.0,71.0,76,30,0.7,16.9
16:35:28,35,306.0,71.0,47,30,0.2,13.6
16:35:30,32,306.0,71.0,35,30,0.1,7.8
16:35:32,32,306.0,71.0,33,30,0.0,7.9
16:35:34,32,306.0,71.0,33,30,0.0,7.5
16:35:36,29,306.0,72.0,22,30,0.0,0.3
16:35:38,33,306.0,71.0,22,30,0.0,0.1
16:35:40,37,306.0,72.0,22,30,0.0,0.0
16:35:42,29,306.0,72.0,23,30,0.0,0.1
16:35:44,28,306.0,72.0,23,30,0.0,0.0
16:35:46,37,306.0,72.0,22,30,0.0,0.2
16:35:48,32,306.0,72.0,23,30,0.0,0.1
16:35:50,35,306.0,72.0,23,30,0.0,0.0
16:35:52,31,306.0,72.0,21,30,0.0,0.5
16:35:55,32,306.0,72.0,21,30,0.0,0.0
16:35:57,28,306.0,72.0,21,30,0.0,0.1
16:35:59,37,306.0,72.0,23,30,0.0,10.2
16:36:01,20,306.0,72.0,24,30,0.0,0.0
16:36:03,29,306.0,72.0,32,30,0.0,0.7
16:36:05,37,306.0,71.0,20,30,0.0,0.1
16:36:07,18,306.0,72.0,24,30,0.0,0.1
16:36:09,38,306.0,72.0,21,30,0.0,0.1
16:36:11,31,306.0,71.0,20,30,0.0,0.0
16:36:13,16,306.0,72.0,22,30,0.0,0.2
16:36:15,42,306.0,71.0,24,30,0.0,0.0
16:36:17,36,306.0,72.0,22,30,0.0,0.0
16:36:19,20,306.0,72.0,20,30,0.0,0.1
16:36:21,36,306.0,72.0,22,30,0.0,0.0
16:36:23,30,306.0,71.0,22,30,0.0,0.3
16:36:25,16,306.0,72.0,24,30,0.0,0.1
16:36:27,37,306.0,71.0,24,30,0.0,0.0
16:36:29,36,306.0,72.0,35,30,0.1,0.9
16:36:32,28,306.0,72.0,22,30,0.1,0.2
16:36:34,32,306.0,72.0,25,30,0.0,0.1
16:36:36,40,306.0,71.0,24,30,0.0,0.0
16:36:38,34,306.0,72.0,21,30,0.1,0.1
16:36:40,24,306.0,71.0,20,30,0.0,0.0
16:36:42,36,306.0,72.0,22,30,0.0,0.0
16:36:44,29,306.0,71.0,22,30,0.0,0.1
16:36:46,36,306.0,71.0,22,30,0.0,0.0
16:36:48,30,306.0,71.0,21,30,0.0,0.1
16:36:50,30,306.0,71.0,20,30,0.0,0.1
16:36:52,39,306.0,71.0,18,30,0.0,0.0
16:36:54,45,306.0,71.0,18,30,0.0,0.4
16:36:56,19,306.0,71.0,18,30,0.0,1.7
16:36:58,36,306.0,71.0,18,30,0.1,0.2
16:37:00,37,306.0,71.0,18,30,0.0,0.0
16:37:02,17,306.0,71.0,19,30,0.0,2.3
16:37:04,39,306.0,71.0,18,30,0.0,0.1
16:37:06,45,306.0,71.0,18,30,0.0,0.0
16:37:09,19,306.0,71.0,17,30,0.0,0.1
16:37:11,36,306.0,71.0,17,30,0.0,0.0
16:37:13,39,306.0,71.0,17,30,0.0,0.1
16:37:15,16,306.0,71.0,18,30,0.0,0.0
16:37:17,28,306.0,71.0,17,30,0.0,0.0
16:37:19,20,306.0,71.0,18,30,0.0,0.5
16:37:21,24,306.0,71.0,18,30,0.0,0.4
16:37:23,40,306.0,71.0,19,30,0.0,0.5
16:37:25,39,306.0,71.0,18,30,0.0,0.0
16:37:27,17,306.0,71.0,16,30,0.0,0.1
16:37:29,39,306.0,71.0,18,30,0.0,0.0
16:37:31,32,306.0,71.0,16,30,0.1,0.3
16:37:33,39,306.0,71.0,17,30,0.0,0.1
16:37:35,28,306.0,71.0,18,30,0.0,0.2
16:37:37,39,306.0,71.0,18,30,0.0,0.0
16:37:39,39,306.0,70.0,18,30,0.0,0.1
16:37:41,17,306.0,71.0,17,30,0.0,0.0
16:37:43,38,306.0,70.0,19,30,0.0,0.1
16:37:45,32,306.0,71.0,16,30,0.0,0.0
16:37:48,35,306.0,70.0,17,30,0.0,0.0
16:37:50,39,306.0,71.0,17,30,0.0,0.1
16:37:52,17,306.0,71.0,18,30,0.0,0.1
16:37:54,27,306.0,71.0,19,30,0.0,0.6
16:37:56,23,306.0,71.0,19,30,0.0,0.0
16:37:58,39,306.0,71.0,18,30,0.0,0.0
16:38:00,41,306.0,71.0,21,30,0.0,0.0
16:38:02,26,306.0,71.0,17,30,0.0,0.0
16:38:04,39,306.0,71.0,17,30,0.0,0.1
16:38:06,16,306.0,71.0,17,30,0.0,0.0
16:38:08,39,306.0,70.0,17,30,0.0,0.2
16:38:10,32,306.0,71.0,18,30,0.0,0.0
16:38:12,34,306.0,71.0,16,30,0.0,0.0
16:38:14,38,306.0,71.0,18,30,0.0,0.1
16:38:16,16,306.0,71.0,17,30,0.0,0.0
16:38:18,39,306.0,71.0,20,30,0.0,0.1
16:38:20,28,306.0,71.0,19,30,0.0,0.0
16:38:22,39,306.0,71.0,18,30,0.0,0.0
16:38:24,38,306.0,70.0,16,30,0.0,0.4
16:38:27,17,306.0,71.0,18,30,0.0,0.0
16:38:29,21,306.0,72.0,17,30,0.0,0.1
16:38:31,22,306.0,71.0,17,30,0.0,0.4
16:38:33,33,306.0,71.0,18,30,0.0,0.0
16:38:35,38,306.0,71.0,17,30,0.0,0.0
16:38:37,32,306.0,71.0,17,30,0.0,0.0
16:38:39,34,306.0,71.0,17,30,0.0,0.1
16:38:41,39,306.0,71.0,18,30,0.0,0.1
16:38:43,17,306.0,71.0,19,30,0.0,0.2
16:38:45,38,306.0,70.0,18,30,0.0,0.0
16:38:47,36,306.0,71.0,19,30,0.0,0.0
16:38:49,30,306.0,71.0,16,30,0.0,0.0
16:38:51,39,306.0,71.0,16,30,0.0,0.0
16:38:53,16,306.0,71.0,17,30,0.0,0.4
16:38:55,39,306.0,70.0,18,30,0.0,0.0
16:38:57,28,306.0,71.0,19,30,0.0,0.1
16:38:59,39,306.0,70.0,19,30,0.0,0.1
16:39:01,39,306.0,70.0,20,30,0.0,0.0
16:39:03,27,306.0,71.0,18,30,0.0,0.0
16:39:06,28,306.0,71.0,19,30,0.0,0.0
16:39:08,37,306.0,71.0,20,30,0.0,0.0
16:39:10,45,306.0,71.0,19,30,0.0,0.1
16:39:12,18,306.0,71.0,18,30,0.0,0.0
16:39:14,36,306.0,71.0,21,30,0.0,0.2
16:39:16,39,306.0,71.0,18,30,0.0,0.0
16:39:18,27,306.0,71.0,21,30,0.0,0.0
16:39:20,39,306.0,71.0,20,30,0.0,0.0
16:39:22,39,306.0,71.0,20,30,0.0,0.0
16:39:24,17,306.0,71.0,20,30,0.1,0.8
16:39:26,39,306.0,70.0,18,30,0.0,0.1
16:39:28,32,306.0,71.0,20,30,0.0,0.1
16:39:30,34,306.0,70.0,17,30,0.0,0.2
16:39:32,39,306.0,71.0,19,30,0.0,0.2
16:39:34,17,306.0,71.0,20,30,0.0,0.1
16:39:36,39,306.0,70.0,19,30,0.0,0.1
16:39:38,38,306.0,71.0,18,30,0.0,0.0
16:39:40,24,306.0,71.0,19,30,0.0,0.4
16:39:43,39,306.0,70.0,17,30,0.0,0.0
16:39:45,38,306.0,70.0,19,30,0.0,0.2
16:39:47,17,306.0,71.0,19,30,0.0,0.1
16:39:49,33,306.0,70.0,18,30,0.0,0.1
16:39:51,39,306.0,70.0,19,30,0.0,0.0
16:39:53,31,306.0,71.0,21,30,0.0,0.3
16:39:55,38,306.0,70.0,20,30,0.0,0.1
16:39:57,29,306.0,71.0,18,30,0.0,0.0
16:39:59,39,306.0,71.0,19,30,0.0,0.3
16:40:01,34,306.0,70.0,18,30,0.0,0.1
16:40:03,18,306.0,71.0,18,30,0.0,0.3
16:40:05,38,306.0,71.0,18,30,0.0,0.1
16:40:07,31,306.0,71.0,17,30,0.0,0.0
16:40:09,34,306.0,71.0,19,30,0.0,0.1
16:40:11,38,306.0,71.0,19,30,0.0,0.1
16:40:13,15,306.0,71.0,25,30,0.0,47.3
16:40:15,25,306.0,71.0,19,30,0.0,8.2
16:40:17,24,306.0,71.0,18,30,0.0,0.1
16:40:20,38,306.0,71.0,18,30,0.0,0.2
16:40:22,36,306.0,71.0,24,30,0.0,0.1
16:40:24,25,306.0,71.0,21,30,0.0,0.4
16:40:26,32,306.0,71.0,19,30,0.0,0.1
16:40:28,34,306.0,70.0,24,31,0.0,0.1
16:40:30,23,306.0,71.0,27,30,0.0,53.8
16:40:32,37,306.0,70.0,24,30,0.0,0.0
16:40:34,37,306.0,70.0,23,30,0.0,0.1
16:40:36,26,306.0,70.0,24,30,0.0,0.1
16:40:38,37,306.0,70.0,23,30,0.0,0.0
16:40:40,42,306.0,70.0,22,30,0.0,0.1
16:40:42,17,306.0,70.0,23,30,0.0,0.0
16:40:44,37,306.0,70.0,22,30,0.0,0.1
16:40:46,29,306.0,70.0,20,30,0.0,0.0
16:40:48,16,306.0,70.0,23,30,0.0,0.1
16:40:50,36,306.0,70.0,25,30,0.0,0.0
16:40:52,32,306.0,70.0,24,30,0.0,0.1
16:40:54,32,306.0,71.0,24,30,0.0,0.4
16:40:56,20,306.0,70.0,24,30,0.0,0.4
16:40:59,36,306.0,70.0,22,30,0.0,0.1
16:41:01,28,132.0,70.0,24,26,0.0,0.2
16:41:03,0,132.0,69.0,9,26,0.0,0.1
16:41:05,0,132.0,69.0,15,26,0.0,0.3
16:41:07,0,132.0,68.0,7,26,0.0,0.1
16:41:09,0,132.0,67.0,7,26,0.0,0.1
16:41:11,0,132.0,67.0,7,26,0.0,0.0
16:41:13,0,132.0,67.0,13,26,0.0,0.2
16:41:15,0,132.0,66.0,9,26,0.0,0.2
16:41:17,0,132.0,66.0,7,26,0.0,0.1
16:41:19,0,132.0,65.0,7,26,0.0,0.1
16:41:21,0,132.0,65.0,8,26,0.0,0.0
16:41:23,0,132.0,64.0,9,26,0.0,0.6
16:41:25,0,132.0,64.0,7,26,0.0,0.1
16:41:27,0,132.0,63.0,7,26,0.0,0.1
16:41:29,0,132.0,63.0,6,26,0.0,0.2
16:41:31,0,132.0,63.0,8,26,0.0,0.0
16:41:33,0,132.0,62.0,9,26,0.0,0.0
16:41:35,0,132.0,62.0,15,26,0.1,0.2
16:41:38,0,132.0,62.0,6,26,0.1,0.2
16:41:40,0,132.0,62.0,8,26,0.0,2.3
16:41:42,0,132.0,62.0,19,27,0.0,0.6
16:41:44,0,132.0,62.0,19,27,0.1,0.4
16:41:46,0,132.0,62.0,18,28,0.0,4.8
16:41:48,0,132.0,63.0,17,28,0.0,0.4
16:41:50,0,132.0,63.0,21,28,0.0,1.1
16:41:52,2,354.0,64.0,25,30,0.1,2.3
16:41:54,35,374.0,65.0,24,30,0.1,0.6
16:41:56,34,374.0,66.0,23,30,0.0,0.0
16:41:58,36,374.0,66.0,22,30,0.0,0.1
16:42:00,36,374.0,67.0,25,30,0.0,0.2
16:42:02,37,374.0,68.0,22,30,0.0,0.0
16:42:04,38,374.0,68.0,21,30,0.0,0.0
16:42:06,35,374.0,68.0,22,30,0.0,0.0
16:42:08,39,374.0,69.0,25,30,0.0,0.0
16:42:10,33,374.0,69.0,39,30,0.0,1.1
16:42:12,36,374.0,69.0,29,30,0.0,0.0
16:42:15,32,374.0,69.0,34,30,0.0,0.2
16:42:17,32,374.0,69.0,42,30,0.0,0.1
16:42:19,33,374.0,69.0,48,31,0.0,0.1
16:42:21,36,378.0,70.0,45,31,0.0,0.4
16:42:23,30,378.0,70.0,43,31,0.0,0.1
16:42:25,35,378.0,70.0,49,31,0.0,0.6
16:42:27,35,378.0,71.0,46,31,0.0,1.0
16:42:29,37,378.0,71.0,39,31,0.0,0.8
16:42:31,33,378.0,71.0,42,31,0.0,0.4
16:42:33,36,378.0,71.0,40,31,0.0,0.2
16:42:35,37,378.0,71.0,39,31,0.1,0.1
16:42:37,38,378.0,72.0,32,31,0.1,0.2
16:42:39,36,378.0,72.0,38,31,0.1,0.5
16:42:41,34,378.0,72.0,38,32,0.1,0.3
16:42:43,28,378.0,72.0,49,32,0.2,0.3
16:42:45,34,378.0,72.0,44,32,0.0,0.2
16:42:47,37,378.0,72.0,43,31,0.1,0.2
16:42:50,0,136.0,71.0,36,28,0.2,2.8
16:42:52,0,136.0,71.0,28,28,0.0,0.1
16:42:54,0,136.0,70.0,26,28,0.0,0.0
16:42:56,0,136.0,70.0,22,28,0.0,0.1
16:42:58,0,136.0,70.0,22,28,0.0,0.1
16:43:00,0,136.0,69.0,25,28,0.0,0.1
16:43:02,0,136.0,69.0,25,28,0.0,0.2
16:43:04,0,136.0,69.0,23,28,0.0,0.0
16:43:06,0,136.0,69.0,25,28,0.0,0.0
16:43:08,0,136.0,68.0,20,28,0.0,0.0
16:43:10,0,136.0,68.0,25,28,0.0,0.3
16:43:12,0,136.0,68.0,21,28,0.0,0.1
16:43:14,0,136.0,68.0,20,28,0.0,0.0
16:43:16,0,136.0,67.0,21,28,0.0,0.1
16:43:18,0,136.0,67.0,25,28,0.0,0.6
16:43:20,0,136.0,67.0,24,28,0.0,0.1
16:43:22,0,136.0,67.0,20,28,0.0,0.0
16:43:24,0,136.0,67.0,25,28,0.0,0.0
16:43:27,0,136.0,67.0,23,28,0.0,0.1
16:43:29,0,136.0,66.0,26,28,0.0,0.1
16:43:31,0,136.0,66.0,23,28,0.0,0.1
16:43:33,0,136.0,66.0,22,28,0.0,0.0
16:43:35,0,136.0,66.0,25,28,0.1,0.3
16:43:37,0,136.0,66.0,26,28,0.3,0.3
16:43:39,0,136.0,66.0,22,28,0.1,0.1
16:43:41,0,136.0,66.0,22,28,0.0,0.4
16:43:43,0,136.0,65.0,25,28,0.0,0.0
16:43:45,0,136.0,65.0,26,28,0.0,0.0
16:43:47,0,136.0,65.0,25,28,0.1,1.0
16:43:49,0,136.0,65.0,23,28,0.0,0.4
16:43:51,0,136.0,65.0,21,28,0.0,0.1
16:43:53,0,136.0,65.0,23,28,0.0,0.0
16:43:55,0,136.0,65.0,32,28,0.5,0.1
16:43:57,0,136.0,65.0,27,28,0.0,0.2
16:43:59,0,136.0,65.0,21,28,0.0,0.0
16:44:02,0,136.0,64.0,25,28,0.0,0.2
16:44:04,0,136.0,65.0,25,28,0.0,0.0
16:44:06,0,136.0,64.0,23,28,0.0,0.2
16:44:08,0,136.0,64.0,22,28,0.0,0.0
16:44:10,0,136.0,64.0,22,28,0.0,0.3
16:44:12,0,136.0,64.0,22,28,0.0,0.1
16:44:14,0,136.0,64.0,26,28,0.0,0.0
16:44:16,0,136.0,64.0,22,28,0.0,0.0
16:44:18,0,136.0,64.0,26,28,0.0,0.1
16:44:20,0,136.0,64.0,23,28,0.0,0.0
16:44:22,0,136.0,64.0,28,28,0.0,0.2
16:44:24,0,136.0,64.0,28,28,0.1,0.0
16:44:26,0,136.0,64.0,29,28,0.0,0.5
16:44:28,0,136.0,64.0,29,28,0.0,0.1
16:44:30,0,136.0,64.0,22,28,0.0,0.1
16:44:32,0,136.0,64.0,30,28,0.0,0.0
16:44:34,0,136.0,64.0,18,28,0.0,0.0
16:44:36,0,136.0,64.0,13,28,0.0,1.7
16:44:39,0,136.0,63.0,16,28,0.0,0.2
16:44:41,0,136.0,63.0,12,28,0.0,0.3
16:44:43,0,136.0,62.0,14,28,0.0,0.1
16:44:45,0,136.0,62.0,16,28,0.0,0.0
16:44:47,0,136.0,62.0,14,28,0.0,0.1
16:44:49,0,136.0,62.0,15,28,0.1,0.2
16:44:51,0,136.0,61.0,11,28,0.0,0.0
16:44:53,0,136.0,61.0,18,28,0.0,0.1
16:44:55,0,136.0,61.0,18,28,0.0,0.1
16:44:57,0,136.0,61.0,15,28,0.0,0.1
16:44:59,0,136.0,61.0,12,28,0.0,0.2
16:45:01,0,136.0,61.0,18,28,0.0,0.2
16:45:03,0,136.0,61.0,12,28,0.0,0.0
16:45:05,0,136.0,61.0,18,28,0.0,0.1
16:45:07,0,136.0,61.0,16,28,0.0,0.2
16:45:09,0,136.0,61.0,17,28,0.0,0.0
16:45:11,0,136.0,61.0,17,28,0.0,0.6
16:45:14,0,136.0,61.0,16,28,0.0,0.0
16:45:16,0,136.0,61.0,17,28,0.0,0.0
16:45:18,0,136.0,61.0,19,28,0.0,0.0
16:45:20,0,136.0,61.0,15,28,0.0,0.0
16:45:22,0,136.0,61.0,15,28,0.0,0.0
16:45:24,0,136.0,61.0,15,28,0.0,0.0
16:45:26,0,136.0,61.0,13,28,0.0,0.0
16:45:28,0,136.0,61.0,16,28,0.0,0.1
16:45:30,0,136.0,61.0,13,28,0.0,0.1
16:45:32,0,136.0,61.0,20,28,0.0,0.2
16:45:34,0,136.0,61.0,16,28,0.0,0.1
16:45:36,0,136.0,61.0,15,28,0.0,0.0
16:45:38,0,136.0,61.0,21,28,0.0,0.0
16:45:40,0,136.0,61.0,14,28,0.0,0.3
16:45:42,0,136.0,61.0,13,28,0.0,0.1
16:45:44,0,136.0,61.0,14,28,0.0,0.0
16:45:46,0,136.0,61.0,13,28,0.0,0.2
16:45:48,0,136.0,61.0,14,28,0.0,0.0
16:45:50,0,136.0,61.0,14,28,0.0,0.0
16:45:53,0,136.0,61.0,16,28,0.0,0.0
16:45:55,0,136.0,61.0,14,28,0.0,0.0
16:45:57,0,136.0,61.0,16,28,0.0,0.1
16:45:59,0,136.0,61.0,11,28,0.0,0.0
16:46:01,0,136.0,61.0,16,28,0.0,0.1
16:46:03,0,136.0,61.0,15,28,0.0,1.8
16:46:05,0,136.0,61.0,17,28,0.0,0.0
16:46:07,0,136.0,61.0,19,28,0.0,0.1
16:46:09,0,136.0,61.0,19,28,0.0,0.1
16:46:11,0,136.0,61.0,14,28,0.0,0.3
16:46:13,0,136.0,61.0,18,28,0.0,2.4
16:46:15,0,136.0,61.0,19,28,0.0,0.1
16:46:17,0,136.0,61.0,19,28,0.0,0.2
16:46:19,0,136.0,61.0,20,28,0.1,0.4
16:46:21,0,136.0,61.0,15,28,0.1,0.2
16:46:23,0,136.0,61.0,32,28,0.0,0.2
16:46:25,0,136.0,61.0,48,28,0.0,0.0
16:46:28,0,136.0,62.0,31,28,0.0,0.1
16:46:30,0,136.0,62.0,12,28,0.0,0.0
16:46:32,0,136.0,62.0,15,28,0.0,0.1
16:46:34,0,136.0,62.0,11,28,0.0,0.0
16:46:36,0,136.0,62.0,18,28,0.0,0.1
16:46:38,0,136.0,62.0,14,28,0.0,0.1
16:46:40,0,136.0,62.0,12,28,0.0,0.1
16:46:42,0,136.0,62.0,12,28,0.0,0.4
16:46:44,0,136.0,61.0,11,28,0.0,0.0
16:46:46,0,136.0,61.0,17,28,0.0,0.1
16:46:48,0,136.0,62.0,16,28,0.0,0.0
16:46:50,0,136.0,62.0,16,28,0.0,0.0
16:46:52,0,136.0,61.0,16,28,0.0,0.1
16:46:54,0,136.0,62.0,12,28,0.0,0.0
16:46:56,0,136.0,62.0,17,28,0.0,0.0
16:46:58,0,136.0,62.0,16,28,0.0,0.1
16:47:00,0,136.0,62.0,16,28,0.0,0.1
16:47:02,0,136.0,61.0,14,28,0.0,0.1
16:47:04,0,136.0,62.0,15,28,0.0,0.0
16:47:07,0,136.0,62.0,16,28,0.0,0.0
16:47:09,0,136.0,62.0,14,28,0.0,0.1
16:47:11,0,136.0,62.0,14,28,0.0,0.3
16:47:13,0,136.0,62.0,15,28,0.0,0.1
16:47:15,0,136.0,61.0,15,28,0.0,0.1
16:47:17,0,136.0,62.0,12,28,0.0,0.0
16:47:19,0,136.0,62.0,16,28,0.0,0.0
16:47:21,0,136.0,62.0,14,28,0.0,0.0
16:47:23,0,136.0,62.0,13,28,0.0,0.1
16:47:25,0,136.0,62.0,14,28,0.0,0.1
16:47:27,0,136.0,62.0,15,28,0.0,0.0
16:47:29,0,136.0,62.0,26,28,2.8,0.3
16:47:31,2,150.0,62.0,25,28,11.8,0.5
16:47:33,0,150.0,62.0,18,28,0.1,0.4
16:47:35,3,152.0,62.0,15,28,1.0,0.2
16:47:37,8,158.0,62.0,18,28,5.6,0.7
16:47:39,5,159.0,62.0,9,28,0.2,0.2
16:47:41,1,159.0,62.0,10,28,0.1,0.6
16:47:44,1,155.0,62.0,7,28,0.0,0.3
16:47:46,4,159.0,62.0,11,28,0.2,0.3
16:47:48,0,164.0,63.0,9,28,1.6,0.6
16:47:50,0,164.0,62.0,6,28,0.1,0.3
16:47:52,0,164.0,61.0,3,28,0.0,0.0
16:47:54,0,164.0,61.0,9,28,0.1,0.4
16:47:56,0,164.0,61.0,4,27,0.0,0.1
16:47:58,0,164.0,61.0,3,27,0.0,0.2
16:48:00,0,164.0,61.0,11,27,0.1,0.3
16:48:02,0,164.0,60.0,3,27,0.0,0.1
16:48:04,0,164.0,60.0,7,27,0.0,0.3
16:48:06,0,164.0,60.0,5,27,0.0,0.0
16:48:08,0,164.0,60.0,3,27,0.0,0.1
16:48:10,0,164.0,60.0,3,27,0.0,0.0
16:48:12,0,164.0,59.0,3,27,0.0,0.0
16:48:14,0,164.0,59.0,4,27,0.0,0.0
16:48:16,0,164.0,59.0,2,27,0.0,0.3
16:48:18,0,164.0,59.0,3,27,0.0,0.1
16:48:21,0,164.0,59.0,7,27,0.0,0.0
16:48:23,0,164.0,59.0,3,27,0.0,0.0
16:48:25,0,164.0,59.0,2,27,0.1,0.7
16:48:27,0,164.0,58.0,2,27,0.0,0.0
16:48:29,0,164.0,58.0,3,27,0.0,0.1
16:48:31,0,164.0,58.0,3,27,0.0,0.0
16:48:33,0,164.0,58.0,8,27,0.0,0.3
16:48:35,0,164.0,58.0,3,27,0.0,0.1
16:48:37,0,164.0,58.0,2,27,0.0,0.1
16:48:39,0,164.0,58.0,3,27,0.0,0.0
16:48:41,0,164.0,58.0,3,27,0.0,0.1
16:48:43,0,164.0,58.0,5,27,0.0,0.1
16:48:45,0,164.0,57.0,2,27,0.0,0.3
16:48:47,0,164.0,57.0,4,27,0.0,0.1
16:48:49,0,164.0,57.0,2,27,0.0,0.0
16:48:51,0,164.0,57.0,3,27,0.0,0.0
16:48:53,0,164.0,57.0,2,27,0.0,0.1
16:48:55,0,164.0,57.0,4,27,0.0,0.0
16:48:58,0,164.0,57.0,2,27,0.0,0.1
16:49:00,0,164.0,57.0,4,27,0.0,0.0
16:49:02,0,164.0,57.0,3,27,0.0,0.0
16:49:04,0,164.0,57.0,3,27,0.0,0.1
16:49:06,0,164.0,57.0,5,27,0.0,0.1
16:49:08,0,164.0,57.0,4,27,0.0,0.1
16:49:10,0,164.0,56.0,2,27,0.0,0.1
16:49:12,0,164.0,56.0,2,27,0.0,0.0
16:49:14,0,164.0,56.0,5,27,0.0,0.2
16:49:16,0,164.0,56.0,2,27,0.0,0.3
16:49:18,0,164.0,56.0,2,27,0.0,0.1
16:49:20,0,164.0,56.0,2,27,0.0,0.0
16:49:22,0,164.0,56.0,3,27,0.0,0.1
16:49:24,0,164.0,56.0,4,27,0.0,0.0
16:49:26,0,164.0,56.0,4,27,0.0,0.4
16:49:28,0,164.0,56.0,3,27,0.0,0.1
16:49:30,0,164.0,56.0,3,27,0.0,0.4
16:49:32,0,164.0,56.0,2,27,0.0,0.1
16:49:34,0,164.0,56.0,1,27,0.0,0.0
16:49:37,0,164.0,56.0,3,27,0.0,0.1
16:49:39,0,164.0,56.0,6,27,0.0,0.1
16:49:41,0,164.0,56.0,5,27,0.0,0.0
16:49:43,0,164.0,55.0,4,27,0.0,0.1
16:49:45,0,164.0,55.0,3,27,0.0,0.1
16:49:47,0,164.0,56.0,20,28,0.0,0.4
16:49:49,0,164.0,56.0,15,28,0.0,0.1
16:49:51,0,164.0,56.0,10,27,0.0,0.0
16:49:53,0,164.0,56.0,12,27,0.0,0.0
16:49:55,0,164.0,56.0,10,27,0.0,0.0
16:49:57,0,164.0,56.0,14,27,0.0,0.0
16:49:59,0,164.0,56.0,13,27,0.0,0.2
16:50:01,0,164.0,56.0,13,27,0.0,0.1
16:50:03,0,164.0,56.0,12,27,0.0,0.1
16:50:05,0,164.0,56.0,11,27,0.0,0.0
16:50:07,0,164.0,56.0,13,27,0.0,0.1
16:50:09,0,164.0,56.0,16,27,0.0,0.0
16:50:11,0,164.0,57.0,13,27,0.0,0.0
16:50:14,0,164.0,56.0,15,27,0.0,0.0
16:50:16,0,164.0,56.0,12,27,0.0,0.2
16:50:18,0,164.0,57.0,14,27,0.0,0.1
16:50:20,0,164.0,57.0,14,27,0.0,0.0
16:50:22,0,164.0,57.0,14,27,0.0,0.0
16:50:24,0,164.0,57.0,13,27,0.0,0.1
16:50:26,0,164.0,57.0,14,27,0.0,0.3
16:50:28,0,164.0,57.0,10,27,0.0,0.1
16:50:30,0,164.0,57.0,11,27,0.0,0.0
16:50:32,0,164.0,57.0,10,27,0.0,0.0
16:50:34,0,164.0,57.0,12,27,0.0,0.1
16:50:36,0,164.0,57.0,15,27,0.0,0.1
16:50:38,0,164.0,57.0,15,27,0.0,0.1
16:50:40,0,164.0,57.0,13,27,0.0,0.1
16:50:42,0,164.0,57.0,9,27,0.0,0.0
16:50:44,0,164.0,57.0,12,27,0.0,0.1
16:50:46,0,164.0,57.0,12,27,0.0,0.1
16:50:48,0,164.0,57.0,15,27,0.0,2.3
16:50:51,0,164.0,57.0,15,27,0.0,0.0
16:50:53,0,164.0,57.0,15,27,0.4,0.3
16:50:55,0,164.0,57.0,13,28,0.0,0.0
16:50:57,0,164.0,57.0,13,27,0.1,0.5
16:50:59,0,164.0,58.0,31,28,0.2,0.3
16:51:01,0,164.0,58.0,24,28,0.0,0.2
16:51:03,0,164.0,58.0,18,28,0.0,0.3
16:51:05,0,164.0,58.0,27,28,0.0,0.1
16:51:07,0,164.0,58.0,16,28,0.0,0.1
16:51:09,0,164.0,58.0,12,28,0.0,0.6
16:51:11,0,164.0,59.0,14,28,0.0,0.0
16:51:13,0,164.0,59.0,13,28,0.0,0.1
16:51:15,0,164.0,58.0,14,28,0.0,0.0
16:51:17,0,164.0,59.0,15,28,0.0,0.1
16:51:19,0,164.0,59.0,12,28,0.0,0.1
16:51:21,0,164.0,59.0,10,28,0.0,0.0
16:51:23,0,164.0,58.0,14,28,0.0,0.2
16:51:25,0,164.0,59.0,13,28,0.0,0.5
16:51:27,0,164.0,59.0,14,28,0.0,0.2
16:51:30,0,164.0,59.0,13,28,0.0,0.1
16:51:32,0,164.0,59.0,14,28,0.0,0.1
16:51:34,0,164.0,59.0,14,28,0.6,10.9
16:51:36,0,164.0,59.0,15,27,0.0,0.1
16:51:38,0,164.0,59.0,14,27,0.0,0.3
16:51:40,0,164.0,59.0,12,27,0.0,0.0
16:51:42,0,164.0,59.0,12,27,0.0,0.0
16:51:44,0,164.0,59.0,13,27,0.0,0.1
16:51:46,0,164.0,59.0,18,27,0.0,0.0
16:51:48,0,164.0,59.0,15,27,0.0,0.2
16:51:50,0,164.0,59.0,11,27,0.0,0.0
16:51:52,0,164.0,59.0,13,27,0.0,0.0
16:51:54,0,164.0,59.0,13,27,0.0,0.1
16:51:56,0,164.0,59.0,15,27,0.0,0.5
16:51:58,0,164.0,59.0,16,27,0.3,0.3
16:52:00,0,164.0,59.0,9,27,0.0,0.1
16:52:02,0,164.0,59.0,14,27,0.0,0.1
16:52:04,0,164.0,59.0,17,27,0.0,0.0
16:52:07,0,164.0,59.0,16,27,0.0,0.0
16:52:09,0,164.0,59.0,17,27,0.0,0.1
16:52:11,0,164.0,59.0,18,27,0.0,0.0
16:52:13,0,164.0,59.0,11,27,0.0,0.0
16:52:15,0,164.0,59.0,16,27,0.0,0.0
16:52:17,0,164.0,59.0,12,27,0.0,0.1
16:52:19,0,164.0,59.0,14,27,0.0,0.1
16:52:21,0,164.0,59.0,18,27,0.0,0.4
16:52:23,0,160.0,60.0,19,27,0.0,0.1
16:52:25,0,160.0,60.0,17,27,0.0,0.0
16:52:27,0,160.0,59.0,16,27,0.0,0.3
16:52:29,0,160.0,59.0,12,27,0.0,0.1
16:52:31,0,160.0,59.0,15,27,0.1,0.3
16:52:33,0,160.0,59.0,13,27,0.0,0.1
16:52:35,0,160.0,59.0,13,27,0.0,0.0
16:52:37,0,160.0,59.0,11,27,0.0,0.1
16:52:39,0,160.0,59.0,13,27,0.0,0.1
16:52:41,0,160.0,59.0,15,27,0.0,0.0
16:52:44,0,160.0,59.0,14,27,0.0,0.1
16:52:46,0,160.0,59.0,16,27,0.0,0.1
16:52:48,0,160.0,59.0,12,27,0.0,0.0
16:52:50,0,160.0,59.0,14,27,0.0,0.1
16:52:52,0,160.0,59.0,15,27,0.0,0.2
16:52:54,0,160.0,59.0,15,27,0.0,0.1
16:52:56,0,160.0,59.0,17,27,0.0,0.4
16:52:58,0,160.0,59.0,15,27,0.0,0.0
16:53:00,0,160.0,59.0,12,27,0.0,0.0
16:53:02,0,160.0,59.0,16,27,0.0,0.0
16:53:04,0,160.0,59.0,17,27,0.0,0.1
16:53:06,0,160.0,59.0,17,27,0.0,0.0
16:53:08,0,160.0,59.0,15,27,0.0,0.0
16:53:10,0,160.0,59.0,15,27,0.0,0.0
16:53:12,0,160.0,59.0,11,27,0.0,0.0
16:53:14,0,160.0,59.0,10,27,0.0,0.1
16:53:16,0,160.0,59.0,11,27,0.0,0.1
16:53:18,0,160.0,59.0,12,27,0.0,0.1
16:53:21,0,160.0,59.0,14,27,0.0,0.0
16:53:23,0,160.0,59.0,14,27,0.0,0.0
16:53:25,0,160.0,59.0,13,27,0.0,0.1
16:53:27,0,160.0,59.0,14,27,0.0,0.3
16:53:29,0,160.0,59.0,16,27,0.0,0.1
16:53:31,0,160.0,60.0,14,27,0.0,0.1
16:53:33,0,160.0,60.0,14,27,0.0,0.0
16:53:35,0,160.0,60.0,11,27,0.0,0.0
16:53:37,0,160.0,59.0,16,27,0.0,0.0
16:53:39,0,160.0,59.0,17,27,0.0,0.1
16:53:41,0,160.0,59.0,14,27,0.1,0.2
16:53:43,0,160.0,60.0,17,27,0.1,0.3
16:53:45,0,160.0,60.0,18,27,0.2,0.4
16:53:47,0,160.0,60.0,14,27,0.0,0.2
16:53:49,0,160.0,60.0,15,27,0.0,0.0
16:53:51,0,160.0,60.0,16,27,0.0,0.0
16:53:53,0,160.0,60.0,12,27,0.0,0.1
16:53:55,0,160.0,60.0,13,27,0.0,0.0
16:53:57,0,160.0,60.0,17,27,0.0,0.5
16:54:00,0,160.0,60.0,14,27,0.0,0.1
16:54:02,0,160.0,60.0,14,27,0.0,0.1
16:54:04,0,160.0,60.0,13,27,0.0,0.1
16:54:06,0,160.0,60.0,9,27,0.0,0.0
16:54:08,0,160.0,60.0,16,27,0.0,0.1
16:54:10,0,160.0,60.0,13,27,0.0,0.0
16:54:12,0,160.0,60.0,13,27,0.0,0.0
16:54:14,0,160.0,60.0,12,27,0.0,0.1
16:54:16,0,160.0,60.0,12,27,0.0,0.0
16:54:18,0,160.0,60.0,17,27,0.0,0.1
16:54:20,0,160.0,60.0,16,27,0.0,0.0
16:54:22,0,160.0,60.0,10,27,0.0,0.0
16:54:24,0,160.0,60.0,14,27,0.0,0.0
16:54:26,0,160.0,60.0,14,27,0.0,0.4
16:54:28,0,160.0,60.0,12,27,0.0,0.1
16:54:30,0,160.0,60.0,15,27,0.0,0.1
16:54:32,0,160.0,60.0,16,27,0.0,0.1
16:54:35,0,160.0,60.0,13,27,0.0,0.1
16:54:37,0,160.0,60.0,17,27,0.0,0.0
16:54:39,0,160.0,60.0,16,27,0.0,0.1
16:54:41,0,160.0,60.0,14,27,0.0,0.0
16:54:43,0,160.0,60.0,14,27,0.0,0.0
16:54:45,0,160.0,60.0,9,27,0.0,0.0
16:54:47,0,160.0,60.0,15,27,0.0,0.2
16:54:49,0,160.0,60.0,14,27,0.0,0.2
16:54:51,0,160.0,60.0,15,27,0.0,0.0
16:54:53,0,160.0,60.0,15,27,0.0,0.1
16:54:55,0,160.0,60.0,16,27,0.0,0.0
16:54:57,0,160.0,60.0,14,27,0.0,0.2
16:54:59,0,160.0,60.0,16,27,0.0,0.3
16:55:01,0,160.0,60.0,14,27,0.0,0.1
16:55:03,0,160.0,60.0,17,27,0.0,0.2
16:55:05,0,160.0,60.0,17,27,0.0,0.0
16:55:07,0,160.0,60.0,21,27,0.4,2.0
16:55:09,0,160.0,60.0,17,27,0.0,0.0
16:55:12,0,160.0,60.0,13,27,0.0,0.1
16:55:14,0,160.0,60.0,17,27,0.0,0.1
16:55:16,0,160.0,60.0,21,28,0.7,0.2
16:55:18,0,160.0,60.0,19,28,0.6,0.6
16:55:20,0,160.0,61.0,22,28,8.0,0.2
16:55:22,0,160.0,61.0,25,28,9.4,9.0
16:55:24,0,160.0,61.0,25,28,2.9,3.8
16:55:26,0,160.0,61.0,26,28,4.2,3.1
16:55:28,0,160.0,62.0,22,28,38.8,1.7
16:55:30,0,160.0,62.0,21,28,39.7,0.3
16:55:32,0,160.0,62.0,23,28,39.0,0.1
16:55:34,0,160.0,63.0,26,28,39.5,0.3
16:55:36,0,160.0,63.0,15,28,40.1,0.1
16:55:38,0,160.0,63.0,20,28,40.2,0.3
16:55:40,0,160.0,63.0,20,28,40.4,0.0
16:55:42,0,160.0,63.0,19,28,40.1,0.1
16:55:44,0,160.0,63.0,22,28,40.7,0.1
16:55:46,0,160.0,64.0,20,28,38.4,0.4
16:55:48,0,160.0,64.0,19,28,40.0,0.3
16:55:51,0,160.0,64.0,18,28,39.5,0.2
16:55:53,0,160.0,64.0,20,28,40.7,0.1
16:55:55,0,160.0,64.0,22,29,39.5,0.2
16:55:57,0,160.0,64.0,22,29,40.6,0.5
16:55:59,0,160.0,65.0,26,29,39.2,0.3
16:56:01,0,160.0,65.0,28,28,39.3,0.3
16:56:03,0,160.0,65.0,20,28,39.5,0.2
16:56:05,0,160.0,65.0,20,28,40.5,0.2
16:56:07,0,160.0,65.0,25,29,37.2,1.4
16:56:09,0,160.0,65.0,21,29,38.1,1.9
16:56:11,0,160.0,65.0,48,29,14.9,0.6
16:56:13,0,160.0,66.0,52,29,0.1,0.6
16:56:15,0,160.0,66.0,53,29,0.1,0.9
16:56:17,0,160.0,66.0,40,29,0.0,0.7
16:56:19,0,160.0,66.0,19,28,0.0,0.6
16:56:21,0,160.0,66.0,10,28,0.0,0.1
16:56:23,0,160.0,66.0,11,28,0.0,0.2
16:56:25,0,160.0,66.0,10,28,0.0,0.1
16:56:27,0,160.0,66.0,11,28,0.0,0.1
16:56:29,0,160.0,65.0,10,28,0.0,0.1
16:56:32,0,160.0,65.0,9,28,0.0,0.1
16:56:34,0,160.0,65.0,10,28,0.0,0.0
16:56:36,0,160.0,65.0,10,28,0.0,0.1
16:56:38,0,160.0,65.0,6,28,0.0,0.2
16:56:40,0,160.0,64.0,18,28,0.0,0.2
16:56:42,0,160.0,64.0,14,28,0.0,0.0
16:56:44,0,160.0,64.0,14,28,0.0,0.0
16:56:46,0,160.0,63.0,13,28,0.0,0.0
16:56:48,0,160.0,63.0,11,28,0.0,0.1
16:56:50,0,160.0,63.0,12,28,0.0,0.3
16:56:52,0,160.0,63.0,14,28,0.0,0.2
16:56:54,0,160.0,63.0,16,28,0.0,0.0
16:56:56,0,160.0,62.0,17,28,0.0,0.0
16:56:58,0,160.0,62.0,14,28,0.0,0.0
16:57:00,0,160.0,62.0,12,28,0.0,0.1
16:57:02,0,160.0,62.0,13,28,0.0,0.0
16:57:04,0,160.0,62.0,15,28,0.0,0.0
16:57:06,0,160.0,62.0,14,28,0.0,0.1
16:57:08,0,160.0,62.0,14,28,0.1,1.5
16:57:11,0,160.0,61.0,18,28,0.0,0.1
16:57:13,0,160.0,61.0,18,28,0.0,0.0
16:57:15,0,160.0,61.0,15,28,0.0,0.1
16:57:17,0,160.0,61.0,13,28,0.0,0.0
16:57:19,0,160.0,61.0,14,28,0.0,0.0
16:57:21,0,160.0,61.0,16,28,0.1,0.6
16:57:23,0,160.0,61.0,17,28,0.0,0.1
16:57:25,0,160.0,61.0,25,28,0.0,0.4
16:57:27,0,160.0,61.0,18,28,0.0,0.1
16:57:29,0,160.0,61.0,19,28,0.0,0.2
16:57:31,0,160.0,62.0,24,28,0.0,0.2
16:57:33,0,160.0,62.0,15,28,0.0,0.2
16:57:35,0,160.0,62.0,14,28,0.0,0.4
16:57:37,0,160.0,61.0,10,28,0.1,0.4
16:57:39,0,160.0,61.0,13,28,0.0,0.1
16:57:41,0,160.0,61.0,14,28,0.0,0.3
16:57:43,0,160.0,61.0,15,28,0.0,0.0
16:57:46,0,160.0,61.0,12,28,0.0,0.0
16:57:48,0,160.0,61.0,10,28,0.0,0.1
16:57:50,0,160.0,61.0,17,28,0.0,0.4
16:57:52,0,160.0,61.0,10,28,0.0,0.1
16:57:54,0,160.0,61.0,14,28,0.0,0.0
16:57:56,0,160.0,61.0,18,28,0.0,0.2
16:57:58,0,160.0,61.0,10,28,0.0,0.1
16:58:00,0,160.0,61.0,16,28,0.0,0.1
16:58:02,0,160.0,60.0,10,28,0.2,0.1
16:58:04,0,160.0,60.0,18,28,0.0,0.2
16:58:06,0,160.0,60.0,10,28,0.0,0.1
16:58:08,0,160.0,60.0,7,28,0.0,0.1
16:58:10,0,160.0,60.0,6,28,0.0,0.1
16:58:12,0,160.0,60.0,5,28,0.0,0.0
16:58:14,0,160.0,60.0,7,28,0.0,0.3
16:58:16,0,160.0,60.0,6,28,0.0,0.0
16:58:18,0,160.0,60.0,7,28,0.0,0.0
16:58:20,0,160.0,59.0,8,27,0.0,0.0
16:58:23,0,160.0,59.0,5,27,0.0,0.0
16:58:25,0,160.0,59.0,7,27,0.0,0.2
16:58:27,0,160.0,59.0,4,27,0.0,0.0
16:58:29,0,160.0,59.0,6,27,0.0,0.0
16:58:31,0,160.0,59.0,3,27,0.0,0.1
16:58:33,0,160.0,59.0,6,27,0.0,0.1
16:58:35,0,160.0,58.0,5,27,0.0,0.0
16:58:37,0,160.0,58.0,6,27,0.0,0.1
16:58:39,0,160.0,58.0,4,27,0.0,0.0
16:58:41,0,160.0,58.0,6,27,0.0,0.0
16:58:43,0,160.0,58.0,7,27,0.0,0.0
16:58:45,0,160.0,58.0,5,27,0.0,0.1
16:58:47,0,160.0,58.0,6,27,0.1,1.3
16:58:49,0,160.0,58.0,8,27,0.0,0.1
16:58:51,0,160.0,58.0,4,27,0.0,0.0
16:58:53,0,160.0,58.0,4,27,0.0,0.0
16:58:55,0,160.0,58.0,5,27,0.0,0.0
16:58:57,0,160.0,58.0,5,27,0.0,0.0
16:59:00,0,160.0,58.0,6,27,0.0,0.0
16:59:02,0,160.0,57.0,6,27,0.0,0.1
16:59:04,0,160.0,57.0,6,27,0.0,0.3
16:59:06,0,160.0,57.0,5,27,0.0,0.1
16:59:08,0,160.0,57.0,6,27,0.0,0.1
16:59:10,0,160.0,57.0,5,27,0.0,0.0
16:59:12,0,160.0,57.0,4,27,0.0,0.1
16:59:14,0,160.0,57.0,5,27,0.0,0.0
16:59:16,0,160.0,57.0,4,27,0.0,0.4
16:59:18,0,160.0,57.0,5,27,0.0,0.0
16:59:20,0,160.0,57.0,6,29,0.0,0.2
16:59:22,0,160.0,57.0,6,27,0.0,54.2
16:59:24,0,160.0,57.0,6,27,0.0,0.0
16:59:26,0,160.0,57.0,8,27,0.0,0.5
16:59:28,0,160.0,57.0,5,27,0.0,0.0
16:59:30,0,160.0,57.0,4,27,0.0,0.2
16:59:32,0,160.0,56.0,4,27,0.0,0.0
16:59:34,0,160.0,56.0,4,27,0.0,0.0
16:59:36,0,160.0,56.0,9,29,0.0,5.2
16:59:38,0,160.0,56.0,5,27,0.0,49.2
16:59:41,0,160.0,57.0,5,27,0.0,0.0
16:59:43,0,160.0,56.0,5,27,0.0,0.0
16:59:45,0,160.0,56.0,5,27,0.0,0.0
16:59:47,0,160.0,56.0,4,27,0.0,0.5
16:59:49,0,160.0,56.0,5,27,0.0,0.0
16:59:51,0,160.0,56.0,4,27,0.0,0.0
16:59:53,0,160.0,56.0,11,27,0.3,46.0
16:59:55,0,160.0,56.0,7,27,0.0,8.3
16:59:57,0,160.0,56.0,6,27,0.0,0.0
16:59:59,0,160.0,56.0,4,27,0.0,0.1
17:00:01,0,160.0,56.0,4,27,0.0,0.1
17:00:03,0,160.0,56.0,5,27,0.0,2.2
17:00:05,0,160.0,56.0,6,27,0.0,0.0
17:00:07,0,160.0,56.0,9,27,0.0,0.2
17:00:09,0,160.0,56.0,9,27,0.0,46.0
17:00:11,0,160.0,56.0,6,27,0.0,8.3
17:00:13,0,160.0,56.0,6,27,0.0,0.0
17:00:15,0,160.0,56.0,6,27,0.0,0.0
17:00:17,0,160.0,56.0,5,27,0.0,0.4
17:00:19,0,160.0,56.0,4,27,0.0,0.0
17:00:22,0,160.0,56.0,6,27,0.0,0.1
17:00:24,0,160.0,56.0,7,27,0.0,0.1
17:00:26,0,160.0,55.0,5,27,0.0,0.1
17:00:28,0,160.0,56.0,6,27,0.0,0.1
17:00:30,0,160.0,56.0,13,29,0.0,0.3
17:00:32,0,160.0,56.0,10,27,0.0,53.5
17:00:34,0,160.0,56.0,8,27,0.0,0.1
17:00:36,0,160.0,56.0,8,27,0.0,0.1
17:00:38,0,160.0,56.0,18,27,0.1,0.3
17:00:40,0,160.0,56.0,15,27,0.0,0.1
17:00:42,0,160.0,56.0,14,27,0.0,0.3
17:00:44,0,160.0,56.0,10,27,0.0,0.0
17:00:46,0,160.0,56.0,8,27,0.0,0.3
17:00:48,0,160.0,56.0,9,27,0.0,0.0
